,concept_label,precision,recall,f1,support,accuracy,num_records,concept_label_group,relevance
0,potassium_unspecified,0.0,0.0,0.0,32,0.0,51285,laboratory value,relevant
1,temperature_source_text,0.0,0.0,0.0,37,0.0,18994,infectiology,relevant
2,tracheostomy_size,0.0,0.0,0.0,11,0.0,2475,respiratory,relevant
3,gcs_motor,0.0,0.0,0.0,32,0.0,54084,neurology,relevant
4,gcs_eye,0.0,0.0,0.0,30,0.0,52761,neurology,relevant
5,gcs_verbal,0.0,0.0,0.0,38,0.0,53300,neurology,relevant
6,crrt_mode,0.0,0.0,0.0,31,0.0,277617,renal replacement therapy,relevant
7,type_administered_o2,0.0,0.0,0.0,203,0.0,53582,respiratory,relevant
8,fio2_hiflow,0.0,0.0,0.0,2,0.0,2880,respiratory,relevant
9,o2_flow_high_flow_oxygen,0.0,0.0,0.0,45,0.0,156140,respiratory,relevant
10,restrictive_policy,0.0,0.0,0.0,28,0.0,11867,admission information,relevant
11,lactate_dehydrogenase_unspecified,0.0,0.0,0.0,48,0.0,17152,laboratory value,relevant
12,cam_icu_score,0.0,0.0,0.0,14,0.0,24017,clinical score,relevant
13,amylase_unspecified,0.0,0.0,0.0,19,0.0,1393,laboratory value,relevant
14,picco_pulse_pressure_variation,0.0,0.0,0.0,9,0.0,36817,hemodynamics,relevant
15,ultrafiltration_cvvh_measured,0.0,0.0,0.0,5,0.0,30929,renal replacement therapy,relevant
16,access_pressure_cvvh,0.0,0.0,0.0,27,0.0,518203,renal replacement therapy,relevant
17,return_pressure_cvvh,0.0,0.0,0.0,24,0.0,518871,renal replacement therapy,relevant
18,crrt_duration,0.0,0.0,0.0,1,0.0,498,renal replacement therapy,relevant
19,blood_flow_cvvh,0.0,0.0,0.0,29,0.0,579551,renal replacement therapy,relevant
20,effluent_pressure_cvvh,0.0,0.0,0.0,19,0.0,470347,renal replacement therapy,relevant
21,fluid_out_cvvh_dialysis_cumulative,0.0,0.0,0.0,3,0.0,95884,fluid balance,relevant
22,ultrafiltration_cvvh_set,0.0,0.0,0.0,22,0.0,514474,renal replacement therapy,relevant
23,citrate_dosage_cvvh,0.0,0.0,0.0,13,0.0,447450,renal replacement therapy,relevant
24,pain_score_text,0.0,0.0,0.0,28,0.0,45775,clinical score,relevant
25,substitution_volume_cvvh,0.0,0.0,0.0,6,0.0,117705,renal replacement therapy,relevant
26,extravascular_lung_water_index,0.0,0.0,0.0,15,0.0,2118,hemodynamics,relevant
27,global_end_diastolic_volume_index,0.0,0.0,0.0,17,0.0,12627,hemodynamics,relevant
28,procalcitonin_unspecified,0.0,0.0,0.0,24,0.0,12589,laboratory value,relevant
29,ntpro_bnp_unspecified,0.0,0.0,0.0,18,0.0,429,laboratory value,relevant
30,troponin_i_hs,0.0,0.0,0.0,8,0.0,1600,laboratory value,relevant
31,glucose_measured_unspecified,0.0,0.0,0.0,511,0.0,93214,laboratory value,relevant
32,vancomycin_level,0.0,0.0,0.0,14,0.0,677,laboratory value,relevant
33,nice_adm_source,0.0,0.0,0.0,14,0.0,7036,nice data,relevant
34,pain_score_bps,0.0,0.0,0.0,8,0.0,6377,clinical score,relevant
35,fluid_in_flush,0.0,0.0,0.0,139,0.0,5563,fluid balance,relevant
36,avpu_score_text,0.0,0.0,0.0,11,0.0,5571,clinical score,relevant
37,end_tidal_co2_measured,0.0,0.0,0.0,43,0.0,3747334,respiratory,relevant
38,respiratory_rate_measured,0.0,0.0,0.0,28,0.0,2748642,respiratory,relevant
39,nice_covid19Status,0.0,0.0,0.0,5,0.0,2056,nice data,relevant
40,ph_arterial,0.0,0.0,0.0,32,0.0,67515,laboratory value,relevant
41,po2_unspecified,0.0,0.0,0.0,12,0.0,20654,laboratory value,relevant
42,pco2_unspecified,0.0,0.0,0.0,17,0.0,22342,laboratory value,relevant
43,base_excess_unspecified,0.0,0.0,0.0,22,0.0,62014,laboratory value,relevant
44,bicarbonate_actual_unspecified,0.0,0.0,0.0,29,0.0,64155,laboratory value,relevant
45,sodium_unspecified,0.0,0.0,0.0,40,0.0,51701,laboratory value,relevant
46,fio2_set,0.0,0.0,0.0,77,0.0,4400616,respiratory,relevant
47,peak_inspiratory_pressure,0.0,0.0,0.0,37,0.0,4565785,respiratory,relevant
48,tidal_volume_expiratory_measured,0.0,0.0,0.0,4,0.0,1478863,respiratory,relevant
49,height_measured,0.0,0.0,0.0,40,0.0,7705,demographics,relevant
50,p01_measured,0.0,0.0,0.0,19,0.0,1960995,respiratory,relevant
51,arterial_bp_diastolic,0.0,0.0,0.0,10,0.0,4031569,hemodynamics,relevant
52,arterial_bp_mean,0.0,0.0,0.0,14,0.0,4080765,hemodynamics,relevant
53,arterial_bp_systolic,0.0,0.0,0.0,10,0.0,4032628,hemodynamics,relevant
54,cardiac_output_unspecified,0.0,0.0,0.0,17,0.0,7686,hemodynamics,relevant
55,central_venous_pressure,0.0,0.0,0.0,9,0.0,1391028,hemodynamics,relevant
56,heart_rate_unspecified,0.0,0.0,0.0,116,0.0,8508400,hemodynamics,relevant
57,nibp_diastolic,0.0,0.0,0.0,9,0.0,29407,hemodynamics,relevant
58,nibp_mean,0.0,0.0,0.0,17,0.0,75938,hemodynamics,relevant
59,nibp_systolic,0.0,0.0,0.0,10,0.0,38036,hemodynamics,relevant
60,pulmonary_artery_pressure_diastolic,0.0,0.0,0.0,2,0.0,5021,hemodynamics,relevant
61,pulmonary_artery_pressure_systolic,0.0,0.0,0.0,2,0.0,5021,hemodynamics,relevant
62,pulmonary_artery_pressure_mean,0.0,0.0,0.0,4,0.0,17120,hemodynamics,relevant
63,pulmonary_wedge_pressure,0.0,0.0,0.0,4,0.0,65,hemodynamics,relevant
64,heart_rhythm_text,0.0,0.0,0.0,283,0.0,142710,hemodynamics,relevant
65,fluid_in_oral,0.005434782608695652,0.0009057971014492754,0.0015527950310559007,1104,0.0009057971014492754,15173,fluid balance,relevant
66,fluid_out_emesis_retention,0.0,0.0,0.0,90,0.0,93654,fluid balance,relevant
67,systemic_vascular_resistance_index,0.0,0.0,0.0,16,0.0,71951,hemodynamics,relevant
68,systemic_vascular_resistance,0.0,0.0,0.0,14,0.0,14689,hemodynamics,relevant
69,fluid_out_cvvh_dialysis,0.1,0.018518518518518517,0.03125,54,0.018518518518518517,29097,fluid balance,relevant
70,stroke_volume_variation,0.0,0.0,0.0,17,0.0,77822,hemodynamics,relevant
71,fluid_out_defecation,0.0,0.0,0.0,72,0.0,33705,fluid balance,relevant
72,fluid_in_tube,0.75,0.011029411764705883,0.02173913043478261,272,0.011029411764705883,55397,fluid balance,relevant
73,temperature_bladder,0.0,0.0,0.0,11,0.0,787636,infectiology,relevant
74,temperature_unspecified,0.0,0.0,0.0,53,0.0,983671,infectiology,relevant
75,temperature_core,0.0,0.0,0.0,4,0.0,10653,infectiology,relevant
76,stroke_volume_index,0.0,0.0,0.0,19,0.0,89791,hemodynamics,relevant
77,capillary_refill_text,0.0,0.0,0.0,16,0.0,1900,hemodynamics,relevant
78,inspiratory_pressure_above_peep,0.0,0.0,0.0,58,0.0,3347097,respiratory,relevant
79,respiratory_rate_measured_spontaneous,0.0,0.0,0.0,10,0.0,4254004,respiratory,relevant
80,respiratory_rate_measured_ventilator,0.0,0.0,0.0,27,0.0,3792789,respiratory,relevant
81,respiratory_rate_set,0.0,0.0,0.0,39,0.0,2605447,respiratory,relevant
82,peep_unspecified,0.0,0.0,0.0,4,0.0,803539,respiratory,relevant
83,vent_mode_manual,0.0,0.0,0.0,5,0.0,118,respiratory,relevant
84,fluid_out_other,0.0,0.0,0.0,79,0.0,2397,fluid balance,relevant
85,vent_mode,0.0,0.0,0.0,94,0.0,6731934,respiratory,relevant
86,pupil_reflex_left,0.0,0.0,0.0,19,0.0,30908,neurology,relevant
87,pupil_reflex_right,0.0,0.0,0.0,18,0.0,33470,neurology,relevant
88,lung_compliance_unspecified,0.0,0.0,0.0,10,0.0,911064,respiratory,relevant
89,tidal_volume_expiratory_unspecified,0.0,0.0,0.0,1,0.0,19097,respiratory,relevant
90,inspiratory_time_perc,0.0,0.0,0.0,4,0.0,86270,respiratory,relevant
91,tidal_volume_inspiratory_unspecified,0.0,0.0,0.0,2,0.0,22013,respiratory,relevant
92,fluid_out_drain,0.0,0.0,0.0,82,0.0,8895,fluid balance,relevant
93,o2_flow_unspecified,0.0,0.0,0.0,79,0.0,35639,respiratory,relevant
94,rass_score,0.0,0.0,0.0,48,0.0,96405,neurology,relevant
95,pain_score_vas,0.0,0.0,0.0,12,0.0,19047,clinical score,relevant
96,plateau_pressure,0.0,0.0,0.0,27,0.0,966352,respiratory,relevant
97,saturation_o2_peripheral,0.0,0.0,0.0,205,0.0,2008990,respiratory,relevant
98,pressure_trigger,0.0,0.0,0.0,8,0.0,17019,respiratory,relevant
99,fluid_out_flush,0.0,0.0,0.0,15,0.0,231,fluid balance,relevant
100,alkaline_phosphatase_unspecified,0.0,0.0,0.0,29,0.0,16069,laboratory value,relevant
101,asat_unspecified,0.0,0.0,0.0,27,0.0,16574,laboratory value,relevant
102,alat_unspecified,0.0,0.0,0.0,27,0.0,19326,laboratory value,relevant
103,po2_arterial,0.0,0.0,0.0,37,0.0,82712,laboratory value,relevant
104,bilirubin_unspecified,0.0,0.0,0.0,6,0.0,3348,laboratory value,relevant
105,calcium_unspecified,0.0,0.0,0.0,21,0.0,8905,laboratory value,relevant
106,calcium_ionised,0.0,0.0,0.0,22,0.0,45371,laboratory value,relevant
107,creatine_kinase_unspecified,0.0,0.0,0.0,35,0.0,16559,laboratory value,relevant
108,crp_unspecified,0.0,0.0,0.0,29,0.0,32188,laboratory value,relevant
109,creatinine_unspecified,0.0,0.0,0.0,22,0.0,24199,laboratory value,relevant
110,chloride_unspecified,0.0,0.0,0.0,24,0.0,40425,laboratory value,relevant
111,hematocrit_unspecified,0.0,0.0,0.0,27,0.0,40900,laboratory value,relevant
112,fibrinogen_unspecified,0.0,0.0,0.0,22,0.0,3333,laboratory value,relevant
113,phosphate_unspecified,0.0,0.0,0.0,25,0.0,25671,laboratory value,relevant
114,prothrombin_time_inr,0.0,0.0,0.0,32,0.0,4702,laboratory value,relevant
115,leukocytes_unspecified,0.0,0.0,0.0,25,0.0,32422,laboratory value,relevant
116,thrombocytes_unspecified,0.0,0.0,0.0,15,0.0,18158,laboratory value,relevant
117,magnesium_unspecified,0.0,0.0,0.0,25,0.0,26522,laboratory value,relevant
118,ureum_unspecified,0.0,0.0,0.0,29,0.0,29594,laboratory value,relevant
119,prothrombin_time_sec,0.0,0.0,0.0,26,0.0,6733,laboratory value,relevant
120,gamma_gt_unspecified,0.0,0.0,0.0,28,0.0,17735,laboratory value,relevant
121,d_dimer_unspecified,0.0,0.0,0.0,27,0.0,10111,laboratory value,relevant
122,anion_gap_unspecified,0.0,0.0,0.0,7,0.0,14891,laboratory value,relevant
123,lactate_unspecified,0.0,0.0,0.0,17,0.0,36320,laboratory value,relevant
124,ammonia_unspecified,0.0,0.0,0.0,17,0.0,132,laboratory value,relevant
125,creatine_kinase_mb_activity,0.0,0.0,0.0,16,0.0,554,laboratory value,relevant
126,tobramycin_trough_level,0.0,0.0,0.0,6,0.0,29,laboratory value,relevant
127,tobramycin_peak_level,0.0,0.0,0.0,5,0.0,7,laboratory value,relevant
128,vancomycin_trough_level,0.0,0.0,0.0,15,0.0,232,laboratory value,relevant
129,gender_text,0.0,0.0,0.0,9,0.0,3069,demographics,relevant
130,cough_reflex_text,0.0,0.0,0.0,20,0.0,23875,respiratory,relevant
131,height_unspecified,0.0,0.0,0.0,2,0.0,241,demographics,relevant
132,glucose_measured_whole_blood,0.0,0.0,0.0,4,0.0,18987,laboratory value,relevant
133,sodium_bloodgas,0.0,0.0,0.0,3,0.0,1888,laboratory value,relevant
134,potassium_bloodgas,0.0,0.0,0.0,3,0.0,2071,laboratory value,relevant
135,calcium_ratio,0.0,0.0,0.0,5,0.0,1693,laboratory value,relevant
136,position_text,0.0,0.0,0.0,244,0.0,93845,position,relevant
137,rapid_shallow_breathing_index,0.0,0.0,0.0,11,0.0,1396737,respiratory,relevant
138,cardiac_index_unspecified,0.0,0.0,0.0,25,0.0,8112,hemodynamics,relevant
139,readmission_ic,0.0,0.0,0.0,9,0.0,3086,admission information,relevant
140,med_carbohydrates,0.0,0.0,0.0,79,0.0,31971,medication,relevant
141,med_piritramide,0.0,0.0,0.0,3,0.0,15,medication,relevant
142,med_midazolam,0.0,0.0,0.0,41,0.0,18200,medication,relevant
143,med_insulin_aspart,0.0,0.0,0.0,16,0.0,12149,medication,relevant
144,med_bisoprolol,0.0,0.0,0.0,30,0.0,360,medication,relevant
145,med_risperidone,0.0,0.0,0.0,15,0.0,145,medication,relevant
146,med_fluvastatin,0.0,0.0,0.0,7,0.0,43,medication,relevant
147,med_candesartan,0.0,0.0,0.0,2,0.0,7,medication,relevant
148,med_losartan,0.0,0.0,0.0,26,0.0,391,medication,relevant
149,med_carbasalate_calcium,0.0,0.0,0.0,15,0.0,152,medication,relevant
150,med_aciclovir,0.0,0.0,0.0,23,0.0,862,medication,relevant
151,med_thiamine_(vit_b1),0.0,0.0,0.0,47,0.0,2169,medication,relevant
152,med_calcium_combinations_with_vitamin_d_and/or_other_drugs,0.0,0.0,0.0,12,0.0,398,medication,relevant
153,med_vancomycin,0.0,0.0,0.0,27,0.0,3609,medication,relevant
154,med_artificial_tears_and_other_indifferent_preparations,0.2,0.08108108108108109,0.11538461538461539,37,0.08108108108108109,19557,medication,relevant
155,med_ticagrelor,0.0,0.0,0.0,6,0.0,41,medication,relevant
156,med_promethazine,0.0,0.0,0.0,14,0.0,386,medication,relevant
157,med_sulfonamides_and_trimethoprim,0.0,0.0,0.0,1,0.0,82,medication,relevant
158,med_cefuroxime,0.0,0.0,0.0,10,0.0,868,medication,relevant
159,med_morphine,0.0,0.0,0.0,23,0.0,4126,medication,relevant
160,med_insulins_and_analogues,0.0,0.0,0.0,2,0.0,94,medication,relevant
161,med_metamizole_sodium,0.0,0.0,0.0,4,0.0,288,medication,relevant
162,med_general_nutrients,0.0,0.0,0.0,56,0.0,20320,medication,relevant
163,med_dexmedetomidine,0.0,0.0,0.0,16,0.0,14387,medication,relevant
164,med_amphotericin_b,0.0,0.0,0.0,13,0.0,705,medication,relevant
165,med_sodium_hypochlorite,0.0,0.0,0.0,2,0.0,68,medication,relevant
166,med_apixaban,0.0,0.0,0.0,24,0.0,1372,medication,relevant
167,med_ascorbic_acid_(vit_c),0.0,0.0,0.0,14,0.0,1286,medication,relevant
168,med_sodium_chloride,0.0,0.0,0.0,11,0.0,22026,medication,relevant
169,med_colecalciferol,0.0,0.0,0.0,24,0.0,291,medication,relevant
170,med_vitamin_b12_(cyanocobalamin_and_analogues),0.0,0.0,0.0,3,0.0,21,medication,relevant
171,med_anidulafungin,0.0,0.0,0.0,6,0.0,651,medication,relevant
172,med_chloroquine,0.0,0.0,0.0,9,0.0,1744,medication,relevant
173,med_potassium_chloride,0.0,0.0,0.0,21,0.0,7232,medication,relevant
174,med_acetazolamide,0.0,0.0,0.0,7,0.0,274,medication,relevant
175,med_acetylcysteine,0.0,0.0,0.0,32,0.0,2056,medication,relevant
176,med_acetylsalicylic_acid,0.0,0.0,0.0,35,0.0,3749,medication,relevant
177,analysis_source_bloodgas_arterial_text,0.0,0.0,0.0,4,0.0,10757,laboratory value,relevant
178,med_amiodarone,0.0,0.0,0.0,26,0.0,1313,medication,relevant
179,med_amitriptyline,0.0,0.0,0.0,4,0.0,108,medication,relevant
180,med_amlodipine,0.0,0.0,0.0,37,0.0,3464,medication,relevant
181,med_atorvastatin,0.0,0.0,0.0,7,0.0,666,medication,relevant
182,med_beclometasone,0.0,0.0,0.0,14,0.0,118,medication,relevant
183,med_captopril,0.0,0.0,0.0,17,0.0,407,medication,relevant
184,med_ceftazidime,0.0,0.0,0.0,9,0.0,350,medication,relevant
185,med_ceftriaxone,0.0,0.0,0.0,10,0.0,2548,medication,relevant
186,med_albumin,0.0,0.0,0.0,23,0.0,1156,medication,relevant
187,med_cetirizine,0.0,0.0,0.0,8,0.0,170,medication,relevant
188,med_codeine,0.0,0.0,0.0,25,0.0,596,medication,relevant
189,med_colistin,0.0,0.0,0.0,3,0.0,165,medication,relevant
190,med_calcium_gluconate,0.0,0.0,0.0,7,0.0,492,medication,relevant
191,med_clemastine,0.0,0.0,0.0,15,0.0,173,medication,relevant
192,med_clonidine,0.0,0.0,0.0,45,0.0,10086,medication,relevant
193,med_dalteparin,0.0,0.0,0.0,22,0.0,4064,medication,relevant
194,med_dexamethasone,0.0,0.0,0.0,31,0.0,1857,medication,relevant
195,med_diclofenac,0.0,0.0,0.0,19,0.0,82,medication,relevant
196,med_diltiazem,0.0,0.0,0.0,9,0.0,133,medication,relevant
197,med_dipyridamole,0.0,0.0,0.0,4,0.0,12,medication,relevant
198,med_doxazosin,0.0,0.0,0.0,2,0.0,42,medication,relevant
199,med_doxycycline,0.0,0.0,0.0,13,0.0,170,medication,relevant
200,med_enalapril,0.0,0.0,0.0,34,0.0,1249,medication,relevant
201,med_erythromycin,0.0,0.0,0.0,21,0.0,4638,medication,relevant
202,med_esketamine,0.0,0.0,0.0,28,0.0,1899,medication,relevant
203,med_etomidate,0.0,0.0,0.0,10,0.0,281,medication,relevant
204,med_ezetimibe,0.0,0.0,0.0,17,0.0,487,medication,relevant
205,med_fentanyl,0.0,0.0,0.0,47,0.0,3395,medication,relevant
206,med_flecainide,0.0,0.0,0.0,4,0.0,92,medication,relevant
207,med_flucloxacillin,0.0,0.0,0.0,27,0.0,2519,medication,relevant
208,med_fluconazole,0.0,0.0,0.0,10,0.0,47,medication,relevant
209,med_flumazenil,0.0,0.0,0.0,6,0.0,12,medication,relevant
210,med_furosemide,0.0,0.0,0.0,47,0.0,4555,medication,relevant
211,med_gabapentin,0.0,0.0,0.0,14,0.0,118,medication,relevant
212,med_ganciclovir,0.0,0.0,0.0,3,0.0,20,medication,relevant
213,med_gliclazide,0.0,0.0,0.0,1,0.0,7,medication,relevant
214,med_haloperidol,0.0,0.0,0.0,51,0.0,5847,medication,relevant
215,med_heparin,0.0,0.0,0.0,30,0.0,3854,medication,relevant
216,med_hydrochlorothiazide,0.0,0.0,0.0,30,0.0,2109,medication,relevant
217,med_hydrocortisone,0.0,0.0,0.0,29,0.0,1774,medication,relevant
218,med_immunoglobulins,0.0,0.0,0.0,3,0.0,8,medication,relevant
219,med_ipratropium_bromide,0.0,0.0,0.0,14,0.0,2057,medication,relevant
220,med_ivabradine,0.0,0.0,0.0,8,0.0,135,medication,relevant
221,med_labetalol,0.0,0.0,0.0,17,0.0,333,medication,relevant
222,med_letrozole,0.0,0.0,0.0,1,0.0,20,medication,relevant
223,med_levothyroxine_sodium,0.0,0.0,0.0,32,0.0,651,medication,relevant
224,med_linezolid,0.0,0.0,0.0,6,0.0,82,medication,relevant
225,med_lorazepam,0.0,0.0,0.0,30,0.0,1263,medication,relevant
226,med_magnesium_sulfate,0.0,0.0,0.0,22,0.0,2270,medication,relevant
227,med_mebeverine,0.0,0.0,0.0,1,0.0,1,medication,relevant
228,med_meropenem,0.0,0.0,0.0,7,0.0,853,medication,relevant
229,med_metformin,0.0,0.0,0.0,39,0.0,2648,medication,relevant
230,med_methadone,0.0,0.0,0.0,5,0.0,70,medication,relevant
231,med_methylprednisolone,0.0,0.0,0.0,11,0.0,850,medication,relevant
232,med_metoclopramide,0.0,0.0,0.0,39,0.0,5423,medication,relevant
233,med_metoprolol,0.0,0.0,0.0,75,0.0,12011,medication,relevant
234,med_miconazole,0.0,0.0,0.0,23,0.0,900,medication,relevant
235,med_imidazoles/triazoles_in_combination_with_corticosteroids,0.0,0.0,0.0,2,0.0,79,medication,relevant
236,med_mirtazapine,0.0,0.0,0.0,7,0.0,210,medication,relevant
237,med_electrolytes,0.0,0.0,0.0,56,0.0,46455,medication,relevant
238,med_nicardipine,0.0,0.0,0.0,7,0.0,288,medication,relevant
239,med_nicotine,0.0,0.0,0.0,15,0.0,131,medication,relevant
240,med_nifedipine,0.0,0.0,0.0,20,0.0,737,medication,relevant
241,med_glyceryl_trinitrate,0.0,0.0,0.0,11,0.0,114,medication,relevant
242,med_olanzapine,0.0,0.0,0.0,25,0.0,355,medication,relevant
243,med_oxazepam,0.0,0.0,0.0,40,0.0,5518,medication,relevant
244,med_pantoprazole,0.0,0.0,0.0,26,0.0,11383,medication,relevant
245,med_paracetamol,0.0,0.0,0.0,37,0.0,71736,medication,relevant
246,med_paroxetine,0.0,0.0,0.0,13,0.0,300,medication,relevant
247,med_perindopril,0.0,0.0,0.0,10,0.0,155,medication,relevant
248,med_piperacillin_and_beta-lactamase_inhibitor,0.0,0.0,0.0,21,0.0,4795,medication,relevant
249,med_polystyrene_sulfonate,0.0,0.0,0.0,25,0.0,494,medication,relevant
250,med_pravastatin,0.0,0.0,0.0,16,0.0,189,medication,relevant
251,med_prednisolone,0.0,0.0,0.0,61,0.0,2875,medication,relevant
252,med_pregabalin,0.0,0.0,0.0,16,0.0,664,medication,relevant
253,med_quetiapine,0.0,0.0,0.0,13,0.0,834,medication,relevant
254,med_remifentanil,0.0,0.0,0.0,18,0.0,32458,medication,relevant
255,med_rocuronium_bromide,0.0,0.0,0.0,13,0.0,5933,medication,relevant
256,med_rosuvastatin,0.0,0.0,0.0,60,0.0,900,medication,relevant
257,med_salbutamol_and_ipratropium_bromide,0.0,0.0,0.0,8,0.0,3738,medication,relevant
258,med_sertraline,0.0,0.0,0.0,9,0.0,117,medication,relevant
259,med_simvastatin,0.0,0.0,0.0,41,0.0,1874,medication,relevant
260,med_spironolactone,0.0,0.0,0.0,14,0.0,374,medication,relevant
261,med_sucralfate,0.0,0.0,0.0,7,0.0,885,medication,relevant
262,med_sugammadex,0.0,0.0,0.0,13,0.0,40,medication,relevant
263,med_temazepam,0.0,0.0,0.0,33,0.0,961,medication,relevant
264,med_tranexamic_acid,0.0,0.0,0.0,5,0.0,28,medication,relevant
265,med_valsartan,0.0,0.0,0.0,17,0.0,220,medication,relevant
266,med_venlafaxine,0.0,0.0,0.0,2,0.0,30,medication,relevant
267,med_vitamin_b-complex_plain,0.0,0.0,0.0,3,0.0,101,medication,relevant
268,med_voriconazole,0.0,0.0,0.0,33,0.0,3456,medication,relevant
269,med_zopiclone,0.0,0.0,0.0,5,0.0,307,medication,relevant
270,med_macrogol,0.0,0.0,0.0,17,0.0,7670,medication,relevant
271,med_erythrocytes,0.0,0.0,0.0,19,0.0,1496,medication,relevant
272,med_blood_plasma,0.0,0.0,0.0,14,0.0,49,medication,relevant
273,med_thrombocytes,0.0,0.0,0.0,11,0.0,45,medication,relevant
274,lda_canula_tracheal,0.0,0.0,0.0,71,0.0,1039,lda,relevant
275,med_alfacalcidol,0.0,0.0,0.0,7,0.0,40,medication,relevant
276,med_atropine,0.0,0.0,0.0,15,0.0,23,medication,relevant
277,med_adenosine,0.0,0.0,0.0,12,0.0,30,medication,relevant
278,med_norepinephrine,0.0,0.0,0.0,13,0.0,30708,medication,relevant
279,med_propofol,0.0,0.0,0.0,14,0.0,27374,medication,relevant
280,med_amoxicillin,0.0,0.0,0.0,28,0.0,856,medication,relevant
281,med_cefotaxime,0.0,0.0,0.0,3,0.0,37,medication,relevant
282,med_nystatin,0.0,0.0,0.0,4,0.0,156,medication,relevant
283,med_antibiotics,0.0,0.0,0.0,24,0.0,59343,medication,relevant
284,cardiac_output_continuous_unspecified,0.0,0.0,0.0,12,0.0,79610,hemodynamics,relevant
285,peep_total,0.0,0.0,0.0,10,0.0,628726,respiratory,relevant
286,fluid_in_other,0.0,0.0,0.0,144,0.0,44638,fluid balance,relevant
287,temperature_blood,0.0,0.0,0.0,31,0.0,38615,infectiology,relevant
288,intrathoracic_blood_volume_index,0.0,0.0,0.0,10,0.0,1493,hemodynamics,relevant
289,thrombocytes_citrate,0.0,0.0,0.0,8,0.0,113,laboratory value,relevant
290,ammonia_venous,0.0,0.0,0.0,3,0.0,13,laboratory value,relevant
291,vitamin_b12_unspecified,0.0,0.0,0.0,18,0.0,103,laboratory value,relevant
292,anti_xa_unspecified,0.0,0.0,0.0,2,0.0,1553,laboratory value,relevant
293,haptoglobin_unspecified,0.0,0.0,0.0,21,0.0,907,laboratory value,relevant
294,reticulocytes_unspecified,0.0,0.0,0.0,17,0.0,5391,laboratory value,relevant
295,hit_screening,0.0,0.0,0.0,8,0.0,11,laboratory value,relevant
296,voriconazol_level,0.0,0.0,0.0,13,0.0,168,laboratory value,relevant
297,anca_unspecified,0.0,0.0,0.0,12,0.0,16,laboratory value,relevant
298,sars_cov_2_other,0.0,0.0,0.0,10,0.0,208,infectiology,relevant
299,ferritin_unspecified,0.0,0.0,0.0,23,0.0,10534,laboratory value,relevant
300,heparin_speed_cvvh,0.0,0.0,0.0,10,0.0,253980,renal replacement therapy,relevant
301,chloride_arterial,0.0,0.0,0.0,7,0.0,6779,laboratory value,relevant
302,vco2,0.0,0.0,0.0,11,0.0,2918140,respiratory,relevant
303,inspiratory_time_unspecified,0.0,0.0,0.0,19,0.0,1763072,respiratory,relevant
304,nava_edi_trigger,0.0,0.0,0.0,3,0.0,24859,respiratory,relevant
305,nava_edi_peak,0.0,0.0,0.0,4,0.0,232987,respiratory,relevant
306,fio2_measured,0.0,0.0,0.0,28,0.0,2341653,respiratory,relevant
307,minute_volume_expiratory,0.0,0.0,0.0,30,0.0,3980629,respiratory,relevant
308,peep_measured,0.0,0.0,0.0,37,0.0,2887732,respiratory,relevant
309,temperature_peripheral,0.0,0.0,0.0,8,0.0,4062,infectiology,relevant
310,temperature_rectal,0.0,0.0,0.0,12,0.0,2023,infectiology,relevant
311,lung_compliance_dynamic,0.0,0.0,0.0,24,0.0,2291862,respiratory,relevant
312,tidal_volume_expiratory,0.0,0.0,0.0,29,0.0,3261390,respiratory,relevant
313,peep_set,0.0,0.0,0.0,27,0.0,4504273,respiratory,relevant
314,insp_exp_ratio_unspecified,0.0,0.0,0.0,4,0.0,406794,respiratory,relevant
315,ideal_body_weight,0.0,0.0,0.0,16,0.0,836623,demographics,relevant
316,intrinsic_peep_measured,0.0,0.0,0.0,10,0.0,437530,respiratory,relevant
317,expiratory_resistance,0.0,0.0,0.0,4,0.0,1094085,respiratory,relevant
318,inspiratory_resistance,0.0,0.0,0.0,5,0.0,1070893,respiratory,relevant
319,mean_airway_pressure,0.0,0.0,0.0,26,0.0,3743430,respiratory,relevant
320,pacemaker_external,0.0,0.0,0.0,1,0.0,4,hemodynamics,relevant
321,red_blood_cell_distribution_width_unspecified,0.0,0.0,0.0,35,0.0,15307,laboratory value,relevant
322,ph_venous,0.0,0.0,0.0,15,0.0,1407,laboratory value,relevant
323,so2_venous,0.0,0.0,0.0,13,0.0,5723,laboratory value,relevant
324,so2_mixed_venous,0.0,0.0,0.0,2,0.0,480,laboratory value,relevant
325,so2_arterial,0.0,0.0,0.0,26,0.0,57070,laboratory value,relevant
326,pupil_diameter_left,1.0,0.1111111111111111,0.19999999999999998,9,0.1111111111111111,8898,neurology,relevant
327,pupil_diameter_right,0.0,0.0,0.0,8,0.0,8766,neurology,relevant
328,vent_mode_noninvasive,0.0,0.0,0.0,7,0.0,649,respiratory,relevant
329,substitution_anticoagulants_cvvh,0.0,0.0,0.0,13,0.0,264907,renal replacement therapy,relevant
330,predilution_flow_cvvh,0.0,0.0,0.0,15,0.0,845640,renal replacement therapy,relevant
331,postdilution_volume_cvvh,0.0,0.0,0.0,4,0.0,477573,renal replacement therapy,relevant
332,predilution_volume_cvvh,0.0,0.0,0.0,4,0.0,477573,renal replacement therapy,relevant
333,transmembrane_pressure_cvvh,0.0,0.0,0.0,20,0.0,515570,renal replacement therapy,relevant
334,ultrafiltration_cvvh_total,0.0,0.0,0.0,3,0.0,371201,renal replacement therapy,relevant
335,postdilution_flow_cvvh,0.0,0.0,0.0,9,0.0,421356,renal replacement therapy,relevant
336,calcium_flow_cvvh,0.0,0.0,0.0,4,0.0,490094,renal replacement therapy,relevant
337,filter_pressure_cvvh,0.0,0.0,0.0,17,0.0,496611,renal replacement therapy,relevant
338,discharge_icu_destination,0.0,0.0,0.0,9,0.0,682,admission information,relevant
339,expiratory_trigger_sensitivity,0.0,0.0,0.0,7,0.0,517336,respiratory,relevant
340,tidal_volume_set,0.0,0.0,0.0,15,0.0,9579,respiratory,relevant
341,nava_edi_min,0.0,0.0,0.0,1,0.0,47109,respiratory,relevant
342,nice_apacheiv_diagnosis_unspecified,0.0,0.0,0.0,11,0.0,598,nice data,relevant
343,nice_plan_adm,0.0,0.0,0.0,5,0.0,991,nice data,relevant
344,nice_chr_renal_insuf,0.0,0.0,0.0,6,0.0,924,nice data,relevant
345,nice_chron_dialysis,0.0,0.0,0.0,6,0.0,1050,nice data,relevant
346,nice_copd,0.0,0.0,0.0,8,0.0,1185,nice data,relevant
347,nice_resp_insuf,0.0,0.0,0.0,7,0.0,1274,nice data,relevant
348,nice_cardio_vasc_insuf,0.0,0.0,0.0,7,0.0,1265,nice data,relevant
349,nice_cirrhosis,0.0,0.0,0.0,6,0.0,1010,nice data,relevant
350,nice_neoplasm,0.0,0.0,0.0,6,0.0,1011,nice data,relevant
351,nice_hem_malign,0.0,0.0,0.0,6,0.0,1174,nice data,relevant
352,nice_aids,0.0,0.0,0.0,4,0.0,1016,nice data,relevant
353,nice_imm_insuf,0.0,0.0,0.0,8,0.0,1183,nice data,relevant
354,nice_cpr,0.0,0.0,0.0,6,0.0,1174,nice data,relevant
355,nice_burns,0.0,0.0,0.0,4,0.0,1081,nice data,relevant
356,nice_dysrhytmia,0.0,0.0,0.0,2,0.0,194,nice data,relevant
357,nice_gastro_bleed,0.0,0.0,0.0,4,0.0,1083,nice data,relevant
358,nice_cva,0.0,0.0,0.0,4,0.0,564,nice data,relevant
359,nice_intracran_mass,0.0,0.0,0.0,3,0.0,505,nice data,relevant
360,nice_mech_ventil_0,0.0,0.0,0.0,6,0.0,1222,nice data,relevant
361,nice_diabetes,0.0,0.0,0.0,9,0.0,1010,nice data,relevant
362,nice_mi_before_icu,0.0,0.0,0.0,5,0.0,785,nice data,relevant
363,nice_ima,0.0,0.0,0.0,4,0.0,771,nice data,relevant
364,nice_aki,0.0,0.0,0.0,8,0.0,1032,nice data,relevant
365,nice_mech_ventil_24,0.0,0.0,0.0,5,0.0,1014,nice data,relevant
366,nice_confirm_infection,0.0,0.0,0.0,6,0.0,1017,nice data,relevant
367,nice_thrombolytic_therapy,0.0,0.0,0.0,4,0.0,581,nice data,relevant
368,nice_vasdrug,0.0,0.0,0.0,2,0.0,195,nice data,relevant
369,nice_apacheii_diagnosis_1,0.5,0.1,0.16666666666666669,10,0.1,341,nice data,relevant
370,nice_apacheii_diagnosis_2,0.0,0.0,0.0,9,0.0,182,nice data,relevant
371,nice_apacheiv_diagnosis_1,0.0,0.0,0.0,16,0.0,1305,nice data,relevant
372,nice_apacheiv_diagnosis_2,0.0,0.0,0.0,17,0.0,645,nice data,relevant
373,nice_eye_0,0.0,0.0,0.0,1,0.0,105,nice data,relevant
374,nice_eye_24,0.0,0.0,0.0,1,0.0,104,nice data,relevant
375,nice_eye_low,0.0,0.0,0.0,3,0.0,1813,nice data,relevant
376,nice_motor_24,0.0,0.0,0.0,1,0.0,104,nice data,relevant
377,nice_verbal_24,0.0,0.0,0.0,1,0.0,104,nice data,relevant
378,discharge_icu_reason,0.0,0.0,0.0,6,0.0,468,admission information,relevant
379,crrt_filter_change,0.0,0.0,0.0,2,0.0,369413,renal replacement therapy,relevant
380,max_pressure,0.0,0.0,0.0,9,0.0,226244,respiratory,relevant
381,temperature_nasopharyngeal,0.05,0.2,0.08000000000000002,5,0.2,12702,infectiology,relevant
382,egfr_ckd_epi,0.0,0.0,0.0,33,0.0,17979,laboratory value,relevant
383,apacheii_score,0.0,0.0,0.0,2,0.0,75668,clinical score,relevant
384,sofa_score,0.0,0.0,0.0,14,0.0,9277,clinical score,relevant
385,inspiratory_rise_time_sec,0.0,0.0,0.0,14,0.0,1991649,respiratory,relevant
386,nava_level,0.0,0.0,0.0,4,0.0,22621,respiratory,relevant
387,microbiology,0.0,0.0,0.0,793,0.0,14633,laboratory value,relevant
388,ammonia_arterial,0.0,0.0,0.0,2,0.0,3,laboratory value,relevant
389,transferrin_unspecified,0.0,0.0,0.0,17,0.0,112,laboratory value,relevant
390,base_excess_arterial,0.0,0.0,0.0,27,0.0,41029,laboratory value,relevant
391,creatinine_blood,0.0,0.0,0.0,29,0.0,12538,laboratory value,relevant
392,iron_blood,0.0,0.0,0.0,22,0.0,124,laboratory value,relevant
393,base_excess_venous,0.0,0.0,0.0,15,0.0,1355,laboratory value,relevant
394,bilirubin_total,0.0,0.0,0.0,29,0.0,18952,laboratory value,relevant
395,erythrocytes_unspecified,0.0,0.0,0.0,24,0.0,14803,laboratory value,relevant
396,sedimentation_rate_unspecified,0.0,0.0,0.0,18,0.0,502,laboratory value,relevant
397,segmented_neutrophils_unspecified,0.0,0.0,0.0,9,0.0,2212,laboratory value,relevant
398,bicarbonate_actual_arterial,0.0,0.0,0.0,19,0.0,36983,laboratory value,relevant
399,lymphocytes_unspecified,0.0,0.0,0.0,19,0.0,9301,laboratory value,relevant
400,monocytes_unspecified,0.0,0.0,0.0,20,0.0,9703,laboratory value,relevant
401,bicarbonate_actual_venous,0.0,0.0,0.0,15,0.0,1645,laboratory value,relevant
402,cholesterol_unspecified,0.0,0.0,0.0,20,0.0,2501,laboratory value,relevant
403,glucose_arterial,0.0,0.0,0.0,12,0.0,23954,laboratory value,relevant
404,mcv_unspecified,0.0,0.0,0.0,25,0.0,21020,laboratory value,relevant
405,hemoglobin_arterial,0.0,0.0,0.0,8,0.0,5381,laboratory value,relevant
406,protein_total_blood,0.0,0.0,0.0,19,0.0,1660,laboratory value,relevant
407,potassium_arterial,0.0,0.0,0.0,14,0.0,13193,laboratory value,relevant
408,po2_venous,0.0,0.0,0.0,14,0.0,962,laboratory value,relevant
409,pco2_arterial,0.0,0.0,0.0,34,0.0,81379,laboratory value,relevant
410,pco2_venous,0.0,0.0,0.0,16,0.0,1417,laboratory value,relevant
411,triglycerides_unspecified,0.0,0.0,0.0,24,0.0,6419,laboratory value,relevant
412,sodium_arterial,0.0,0.0,0.0,14,0.0,17522,laboratory value,relevant
413,mchc_unspecified,0.0,0.0,0.0,12,0.0,9673,laboratory value,relevant
414,lactate_venous,0.0,0.0,0.0,7,0.0,324,laboratory value,relevant
415,lactate_arterial,0.0,0.0,0.0,14,0.0,31299,laboratory value,relevant
416,lipase_unspecified,0.0,0.0,0.0,22,0.0,3018,laboratory value,relevant
417,cardiac_index_continuous_unspecified,0.0,0.0,0.0,7,0.0,1537,hemodynamics,relevant
418,picco_global_ejection_fraction,0.0,0.0,0.0,6,0.0,1693,hemodynamics,relevant
419,o2_flow_nasal_cannula,0.0,0.0,0.0,8,0.0,5033,respiratory,relevant
420,o2_flow_oxygen_mask,0.0,0.0,0.0,14,0.0,250,respiratory,relevant
421,troponin_t,0.0,0.0,0.0,16,0.0,2173,laboratory value,relevant
422,med_remdesivir,0.0,0.0,0.0,4,0.0,280,medication,relevant
423,med_lopinavir_and_ritonavir,0.0,0.0,0.0,19,0.0,1028,medication,relevant
424,med_ritonavir,0.0,0.0,0.0,1,0.0,311,medication,relevant
425,med_combinations_of_vitamins,0.0,0.0,0.0,3,0.0,11,medication,relevant
426,med_aztreonam,0.0,0.0,0.0,1,0.0,1,medication,relevant
427,med_other_mineral_products,0.0,0.0,0.0,5,0.0,24279,medication,relevant
428,analysis_source_unspecified_text,0.0,0.0,0.0,11,0.0,8400,laboratory value,relevant
429,med_electrolytes_with_carbohydrates,0.0,0.0,0.0,2,0.0,897,medication,relevant
430,med_epinephrine,0.0,0.0,0.0,29,0.0,150,medication,relevant
431,med_allopurinol,0.0,0.0,0.0,1,0.0,6,medication,relevant
432,med_alprazolam,0.0,0.0,0.0,6,0.0,389,medication,relevant
433,med_bumetanide,0.0,0.0,0.0,15,0.0,289,medication,relevant
434,med_ciprofloxacin,0.0,0.0,0.0,34,0.0,984,medication,relevant
435,med_clindamycin,0.0,0.0,0.0,5,0.0,102,medication,relevant
436,med_clopidogrel,0.0,0.0,0.0,21,0.0,1971,medication,relevant
437,med_chloramphenicol,0.0,0.0,0.0,3,0.0,148,medication,relevant
438,med_clotrimazole,0.0,0.0,0.0,7,0.0,145,medication,relevant
439,med_acenocoumarol,0.0,0.0,0.0,2,0.0,5,medication,relevant
440,med_alteplase,0.0,0.0,0.0,12,0.0,47,medication,relevant
441,med_cefazolin,0.0,0.0,0.0,16,0.0,235,medication,relevant
442,med_darbepoetin_alfa,0.0,0.0,0.0,3,0.0,5,medication,relevant
443,med_desmopressin,0.0,0.0,0.0,6,0.0,23,medication,relevant
444,med_digoxin,0.0,0.0,0.0,16,0.0,316,medication,relevant
445,med_dobutamine,0.0,0.0,0.0,7,0.0,636,medication,relevant
446,med_enoxaparin,0.0,0.0,0.0,7,0.0,1598,medication,relevant
447,med_epoprostenol,0.0,0.0,0.0,1,0.0,386,medication,relevant
448,med_esmolol,0.0,0.0,0.0,5,0.0,18,medication,relevant
449,med_esomeprazole,0.0,0.0,0.0,9,0.0,1163,medication,relevant
450,med_phenylephrine,0.0,0.0,0.0,6,0.0,338,medication,relevant
451,med_folic_acid,0.0,0.0,0.0,25,0.0,833,medication,relevant
452,med_phytomenadione,0.0,0.0,0.0,4,0.0,15,medication,relevant
453,med_hydroxychloroquine,0.0,0.0,0.0,3,0.0,114,medication,relevant
454,med_insulin_detemir,0.0,0.0,0.0,1,0.0,1,medication,relevant
455,med_insulin_glargine,0.0,0.0,0.0,8,0.0,171,medication,relevant
456,med_insulin_(human),0.0,0.0,0.0,4,0.0,6588,medication,relevant
457,med_irbesartan,0.0,0.0,0.0,9,0.0,107,medication,relevant
458,med_isoprenaline,0.0,0.0,0.0,5,0.0,102,medication,relevant
459,med_lactulose,0.0,0.0,0.0,4,0.0,17,medication,relevant
460,med_levetiracetam,0.0,0.0,0.0,21,0.0,721,medication,relevant
461,med_loperamide,0.0,0.0,0.0,22,0.0,413,medication,relevant
462,med_levosimendan,0.0,0.0,0.0,1,0.0,4,medication,relevant
463,med_lidocaine,0.0,0.0,0.0,12,0.0,59,medication,relevant
464,med_magnesium_hydroxide,0.0,0.0,0.0,12,0.0,6572,medication,relevant
465,med_metronidazole,0.0,0.0,0.0,25,0.0,821,medication,relevant
466,med_milrinone,0.0,0.0,0.0,8,0.0,463,medication,relevant
467,med_nadroparin,0.0,0.0,0.0,16,0.0,7432,medication,relevant
468,med_neostigmine,0.0,0.0,0.0,4,0.0,24,medication,relevant
469,med_nortriptyline,0.0,0.0,0.0,13,0.0,178,medication,relevant
470,med_ondansetron,0.0,0.0,0.0,28,0.0,299,medication,relevant
471,med_oseltamivir,0.0,0.0,0.0,3,0.0,13,medication,relevant
472,med_blood_coagulation_factors,0.0,0.0,0.0,1,0.0,1,medication,relevant
473,med_salbutamol,0.0,0.0,0.0,14,0.0,1728,medication,relevant
474,med_sotalol,0.0,0.0,0.0,20,0.0,387,medication,relevant
475,med_sufentanil,0.0,0.0,0.0,12,0.0,6598,medication,relevant
476,med_tamsulosin,0.0,0.0,0.0,7,0.0,26,medication,relevant
477,med_tiotropium_bromide,0.0,0.0,0.0,23,0.0,229,medication,relevant
478,med_tobramycin,0.0,0.0,0.0,3,0.0,30,medication,relevant
479,med_valproic_acid,0.0,0.0,0.0,10,0.0,157,medication,relevant
480,med_xylometazoline,0.0,0.0,0.0,1,0.0,163,medication,relevant
481,med_amoxicillin_and_beta-lactamase_inhibitor,0.0,0.0,0.0,6,0.0,317,medication,relevant
482,med_bisacodyl,0.0,0.0,0.0,9,0.0,178,medication,relevant
483,med_domperidone,0.0,0.0,0.0,5,0.0,39,medication,relevant
484,med_physostigmine,0.0,0.0,0.0,1,0.0,1,medication,relevant
485,med_sumatriptan,0.0,0.0,0.0,6,0.0,10,medication,relevant
486,med_vasopressin_(argipressin),0.0,0.0,0.0,3,0.0,491,medication,relevant
487,med_sodium_bicarbonate,0.0,0.0,0.0,6,0.0,62,medication,relevant
488,crrt_dialysate_solution,0.0,0.0,0.0,3,0.0,406,renal replacement therapy,relevant
489,med_multivitamins_other_combinations,0.0,0.0,0.0,3,0.0,482,medication,relevant
490,med_antiinfectives_and_antiseptics_for_local_oral_treatment,0.0,0.0,0.0,19,0.0,40437,medication,relevant
491,med_macrogol_combinations,0.0,0.0,0.0,1,0.0,2,medication,relevant
492,med_sulfamethoxazole_and_trimethoprim,0.0,0.0,0.0,27,0.0,965,medication,relevant
493,med_hypromellose,0.0,0.0,0.0,1,0.0,33,medication,relevant
494,med_omeprazole,0.0,0.0,0.0,7,0.0,23,medication,relevant
495,med_glycine,0.0,0.0,0.0,1,0.0,386,medication,relevant
496,med_solvents_and_diluting_agents_incl_irrigating_solutions,0.0,0.0,0.0,6,0.0,3844,medication,relevant
497,med_vasopressin_and_analogues,0.0,0.0,0.0,1,0.0,6,medication,relevant
498,med_benzylpenicillin,0.0,0.0,0.0,4,0.0,108,medication,relevant
499,med_baclofen,0.0,0.0,0.0,10,0.0,66,medication,relevant
500,med_eplerenone,0.0,0.0,0.0,4,0.0,12,medication,relevant
501,med_argatroban,0.0,0.0,0.0,6,0.0,310,medication,relevant
502,med_ascorbic_acid_(vitamin_c)_combinations,0.0,0.0,0.0,2,0.0,476,medication,relevant
503,so2_capillary,0.0,0.0,0.0,4,0.0,21,laboratory value,relevant
504,temperature_axillary,0.0,0.0,0.0,7,0.0,279937,infectiology,relevant
505,temperature_skin,0.0,0.0,0.0,6,0.0,233124,infectiology,relevant
506,inspiratory_pressure_set,0.0,0.0,0.0,4,0.0,365124,respiratory,relevant
507,osmolality_urine,0.0,0.0,0.0,8,0.0,110,laboratory value,relevant
508,urine_specific_gravity,0.0,0.0,0.0,11,0.0,332,laboratory value,relevant
509,fluid_out_defecation_frequency,0.0,0.0,0.0,6,0.0,7934,fluid balance,relevant
510,readmission_unspecified,0.0,0.0,0.0,3,0.0,82,admission information,relevant
511,ecg_st_segment,0.0,0.0,0.0,17,0.0,6383010,hemodynamics,relevant
512,nice_adm_type,0.0,0.0,0.0,4,0.0,742,nice data,relevant
513,glucose_blood,0.0,0.0,0.0,32,0.0,1350,laboratory value,relevant
514,insp_exp_ratio_set,0.0,0.0,0.0,27,0.0,987693,respiratory,relevant
515,inspiratory_time_set,0.0,0.0,0.0,9,0.0,885409,respiratory,relevant
516,backup_apnea_interval,0.0,0.0,0.0,2,0.0,169786,respiratory,relevant
517,inspiratory_rise_time_unspecified,0.0,0.0,0.0,7,0.0,658345,respiratory,relevant
518,minute_volume_spontaneous,0.0,0.0,0.0,6,0.0,227313,respiratory,relevant
519,transferrin_blood,0.0,0.0,0.0,4,0.0,9,laboratory value,relevant
520,fluid_out_urine,0.0,0.0,0.0,79,0.0,331247,fluid balance,relevant
521,bicarbonate_actual_blood,0.0,0.0,0.0,15,0.0,4228,laboratory value,relevant
522,thrombocytes_blood,0.0,0.0,0.0,48,0.0,17871,laboratory value,relevant
523,peak_flow_set,0.0,0.0,0.0,1,0.0,9,respiratory,relevant
524,bilirubin_direct,0.0,0.0,0.0,22,0.0,2033,laboratory value,relevant
525,albumin_unspecified,0.0,0.0,0.0,3,0.0,104,laboratory value,relevant
526,base_excess_capillary,0.0,0.0,0.0,6,0.0,42,laboratory value,relevant
527,pco2_capillary,0.0,0.0,0.0,6,0.0,38,laboratory value,relevant
528,ph_capillary,0.07142857142857142,0.2,0.10526315789473682,5,0.2,36,laboratory value,relevant
529,calcium_ionised_arterial,0.0,0.0,0.0,19,0.0,12556,laboratory value,relevant
530,osmolality_unspecified,0.0,0.0,0.0,19,0.0,218,laboratory value,relevant
531,bicarbonate_actual_capillary,0.0,0.0,0.0,5,0.0,34,laboratory value,relevant
532,hemoglobin_venous,0.0,0.0,0.0,2,0.0,136,laboratory value,relevant
533,aptt_unspecified,0.0,0.0,0.0,5,0.0,290,laboratory value,relevant
534,creatinine_clearance,0.0,0.0,0.0,11,0.0,64,laboratory value,relevant
535,minute_volume_unspecified,0.0,0.0,0.0,5,0.0,807747,respiratory,relevant
536,inspiratory_pressure_measured,0.0,0.0,0.0,3,0.0,1012468,respiratory,relevant
537,fluid_out_defecation_text,0.0,0.0,0.0,33,0.0,35669,fluid balance,relevant
538,backup_apnea_frequency,0.0,0.0,0.0,3,0.0,1240,respiratory,relevant
539,tidal_volume_inspiratory,0.0,0.0,0.0,16,0.0,1521954,respiratory,relevant
540,resistance_unspecified,0.0,0.0,0.0,9,0.0,902978,respiratory,relevant
541,flow_trigger_set,0.0,0.0,0.0,22,0.0,3021181,respiratory,relevant
542,ecg_pvc,0.0,0.0,0.0,2,0.0,1201831,hemodynamics,relevant
543,vent_mode_invasive,0.0,0.0,0.0,17,0.0,19150,respiratory,relevant
544,tracheobronchial_toilet_frequency,0.0,0.0,0.0,13,0.0,25821,respiratory,relevant
545,fluid_in_iv_infusion_and_medications,0.0,0.0,0.0,140,0.0,107251,fluid balance,relevant
546,fluid_in_blood_products,0.0,0.0,0.0,19,0.0,646,fluid balance,relevant
547,fluid_out_blood_loss,0.0,0.0,0.0,28,0.0,209,fluid balance,relevant
548,arterial_bp_unspecified,0.0,0.0,0.0,23,0.0,453315,hemodynamics,relevant
549,apacheiv_predicted_mortality,0.0,0.0,0.0,9,0.0,836,clinical score,relevant
550,aps,0.0,0.0,0.0,9,0.0,836,clinical score,relevant
551,avpu_score,0.0,0.0,0.0,26,0.0,11292,clinical score,relevant
552,respiratory_rate_measured_ventilator_spontaneous,0.0,0.0,0.0,10,0.0,80901,respiratory,relevant
553,bmi,0.0,0.0,0.0,20,0.0,8306,demographics,relevant
554,cardiac_input_continuous_unspecified,0.0,0.0,0.0,6,0.0,7211,hemodynamics,relevant
555,cpot_score,0.0,0.0,0.0,15,0.0,23974,clinical score,relevant
556,calcium_suppletion_dosage_cvvhd,0.0,0.0,0.0,7,0.0,25444,renal replacement therapy,relevant
557,dos_total,0.0,0.0,0.0,11,0.0,1458,clinical score,relevant
558,dos_evening,0.0,0.0,0.0,7,0.0,388,clinical score,relevant
559,dos_day,0.0,0.0,0.0,7,0.0,435,clinical score,relevant
560,dos_night,0.0,0.0,0.0,7,0.0,239,clinical score,relevant
561,dialysate_flow,0.0,0.0,0.0,12,0.0,17859,renal replacement therapy,relevant
562,gcs_total,0.0,0.0,0.0,17,0.0,17669,neurology,relevant
563,weight_estimated,0.0,0.0,0.0,11,0.0,148,demographics,relevant
564,ews_score,0.0,0.0,0.0,15,0.0,14214,clinical score,relevant
565,clinical_gut_feeling_text,0.0,0.0,0.0,7,0.0,7564,clinical score,relevant
566,respiratory_rate_measured_ecg,0.0,0.0,0.0,8,0.0,32904,respiratory,relevant
567,sofa_cardiovascular,0.0,0.0,0.0,8,0.0,5019,sofa score,relevant
568,sofa_liver,0.0,0.0,0.0,8,0.0,5019,sofa score,relevant
569,sofa_nervous,0.0,0.0,0.0,7,0.0,4604,sofa score,relevant
570,sofa_renal,0.0,0.0,0.0,8,0.0,5019,sofa score,relevant
571,sofa_respiratory,0.0,0.0,0.0,9,0.0,6103,sofa score,relevant
572,stroke_volume_calculated,0.0,0.0,0.0,15,0.0,81635,hemodynamics,relevant
573,tracheobronchial_toilet_aspect,0.0,0.0,0.0,9,0.0,16195,respiratory,relevant
574,tracheobronchial_toilet_quantity,0.0,0.0,0.0,10,0.0,23933,respiratory,relevant
575,swallowing_text,0.0,0.0,0.0,14,0.0,6958,respiratory,relevant
576,tidal_volume_spontaneous,0.0,0.0,0.0,5,0.0,7051,respiratory,relevant
577,temperature_groin,0.038461538461538464,0.2,0.06451612903225806,5,0.2,1469,infectiology,relevant
578,med_ordinary_salt_combinations,0.0,0.0,0.0,4,0.0,11,medication,relevant
579,med_aliskiren,0.0,0.0,0.0,1,0.0,4,medication,relevant
580,med_colchicine,0.0,0.0,0.0,8,0.0,298,medication,relevant
581,med_darifenacin,0.0,0.0,0.0,2,0.0,4,medication,relevant
582,med_dutasteride,0.0,0.0,0.0,1,0.0,7,medication,relevant
583,med_simvastatin_and_ezetimibe,0.0,0.0,0.0,5,0.0,8,medication,relevant
584,med_fondaparinux,0.0,0.0,0.0,8,0.0,69,medication,relevant
585,med_glimepiride,0.0,0.0,0.0,12,0.0,121,medication,relevant
586,med_combinations,0.0,0.0,0.0,32,0.0,599,medication,relevant
587,med_isosorbide_mononitrate,0.0,0.0,0.0,7,0.0,36,medication,relevant
588,med_lisinopril,0.0,0.0,0.0,30,0.0,252,medication,relevant
589,med_lisinopril_and_diuretics,0.0,0.0,0.0,1,0.0,1,medication,relevant
590,med_sodium_phosphate,0.0,0.0,0.0,23,0.0,3964,medication,relevant
591,med_oxybutynin,0.0,0.0,0.0,17,0.0,189,medication,relevant
592,med_pyridoxine_(vit_b6),0.0,0.0,0.0,4,0.0,11,medication,relevant
593,med_other_antivirals,0.0,0.0,0.0,3,0.0,85,medication,relevant
594,med_sitagliptin,0.0,0.0,0.0,9,0.0,49,medication,relevant
595,med_tinzaparin,0.0,0.0,0.0,4,0.0,105,medication,relevant
596,med_zinc_products,0.0,0.0,0.0,3,0.0,52,medication,relevant
597,med_zolpidem,0.0,0.0,0.0,14,0.0,138,medication,relevant
598,neutrophils_unspecified,0.0,0.0,0.0,12,0.0,6087,laboratory value,relevant
599,hdl_cholesterol_unspecified,0.0,0.0,0.0,18,0.0,80,laboratory value,relevant
600,ldl_cholesterol_unspecified,0.0,0.0,0.0,15,0.0,63,laboratory value,relevant
601,vancomycin_peak_level,0.0,0.0,0.0,11,0.0,42,laboratory value,relevant
602,lactate_bloodgas_unspecified,0.0,0.0,0.0,4,0.0,4193,laboratory value,relevant
603,ph_unspecified,0.0,0.0,0.0,19,0.0,20715,laboratory value,relevant
604,nitrite_urine_text,0.0,0.0,0.0,13,0.0,420,laboratory value,relevant
605,blood_group,0.0,0.0,0.0,21,0.0,7820,laboratory value,relevant
606,antithrombin_unspecified,0.0,0.0,0.0,9,0.0,33,laboratory value,relevant
607,bacteria_urine,0.0,0.0,0.0,7,0.0,168,laboratory value,relevant
608,basophils_unspecified,0.0,0.0,0.0,18,0.0,7394,laboratory value,relevant
609,calcium_corrected,0.0,0.0,0.0,8,0.0,3458,laboratory value,relevant
610,protein_urine_text,0.0,0.0,0.0,8,0.0,194,laboratory value,relevant
611,eosinophils_unspecified,0.0,0.0,0.0,19,0.0,7124,laboratory value,relevant
612,folic_acid_unspecified,0.0,0.0,0.0,19,0.0,140,laboratory value,relevant
613,ketones_urine,0.0,0.0,0.0,7,0.0,233,laboratory value,relevant
614,creatinine_urine_24hours,0.0,0.0,0.0,11,0.0,138,laboratory value,relevant
615,leukocytes_urine_text,0.0,0.0,0.0,16,0.0,585,laboratory value,relevant
616,mch_unspecified,0.0,0.0,0.0,16,0.0,12717,laboratory value,relevant
617,erythroblasts_perc_unspecified,0.0,0.0,0.0,6,0.0,2457,laboratory value,relevant
618,band_neutrophils_unspecified,0.0,0.0,0.0,13,0.0,1756,laboratory value,relevant
619,troponin_t_hs,0.0,0.0,0.0,8,0.0,959,laboratory value,relevant
620,triglycerides_fed,0.0,0.0,0.0,1,0.0,77,laboratory value,relevant
621,ganciclovir_level,0.0,0.0,0.0,3,0.0,9,laboratory value,relevant
622,egfr_mdrd,0.0,0.0,0.0,28,0.0,5500,laboratory value,relevant
623,fluid_in_cvvh_dialysis,0.0,0.0,0.0,28,0.0,61,fluid balance,relevant
624,activated_clotting_time,0.0,0.0,0.0,6,0.0,153,laboratory value,relevant
625,bias_flow_set,0.0,0.0,0.0,1,0.0,49,respiratory,relevant
626,pressure_drop_cvvh,0.0,0.0,0.0,12,0.0,46073,renal replacement therapy,relevant
627,gcs_eye_estimated,0.0,0.0,0.0,4,0.0,6,neurology,relevant
628,weight_text,0.0,0.0,0.0,21,0.0,554,demographics,relevant
629,weight_measured,0.0,0.0,0.0,9,0.0,2105,demographics,relevant
630,height_estimated,0.0,0.0,0.0,5,0.0,9,demographics,relevant
631,nibp_unspecified,0.0,0.0,0.0,27,0.0,54138,hemodynamics,relevant
632,o2_flow_deep_nasal,0.0,0.0,0.0,6,0.0,16,respiratory,relevant
633,o2_flow_non_rebreathing_mask,0.0,0.0,0.0,19,0.0,63,respiratory,relevant
634,plateau_time,0.0,0.0,0.0,2,0.0,837,respiratory,relevant
635,ecg_qtc_time,0.0,0.0,0.0,10,0.0,96609,hemodynamics,relevant
636,inspiratory_rise_time_set,0.0,0.0,0.0,2,0.0,268,respiratory,relevant
637,ramsay_sedation_scale,0.0,0.0,0.0,10,0.0,365,clinical score,relevant
638,refill_leg_right,0.0,0.0,0.0,5,0.0,217,hemodynamics,relevant
639,fio2_unspecified,0.0,0.0,0.0,15,0.0,2660978,respiratory,relevant
640,substitution_flow_cvvh,0.0,0.0,0.0,10,0.0,64530,renal replacement therapy,relevant
641,bipap_high_time,0.0,0.0,0.0,1,0.0,84686,respiratory,relevant
642,temperature_ear,0.0,0.0,0.0,7,0.0,3527,infectiology,relevant
643,temperature_peripheral_left_arm,0.0,0.0,0.0,3,0.0,2904,infectiology,relevant
644,temperature_peripheral_right_arm,0.0,0.0,0.0,3,0.0,2896,infectiology,relevant
645,temperature_peripheral_left_leg,0.0,0.0,0.0,6,0.0,4287,infectiology,relevant
646,temperature_peripheral_right_leg,0.0,0.0,0.0,5,0.0,4292,infectiology,relevant
647,pain_score_unspecified,0.0,0.0,0.0,9,0.0,8740,clinical score,relevant
648,med_alfentanil,0.0,0.0,0.0,6,0.0,101,medication,relevant
649,med_alfuzosin,0.0,0.0,0.0,8,0.0,145,medication,relevant
650,med_aripiprazole,0.0,0.0,0.0,7,0.0,144,medication,relevant
651,med_atenolol,0.0,0.0,0.0,18,0.0,136,medication,relevant
652,med_other_blood_products,0.0,0.0,0.0,3,0.0,74,medication,relevant
653,med_azathioprine,0.0,0.0,0.0,3,0.0,84,medication,relevant
654,med_fluticasone_combinations,0.0,0.0,0.0,6,0.0,24,medication,relevant
655,med_mupirocin,0.0,0.0,0.0,5,0.0,111,medication,relevant
656,med_benzbromarone,0.0,0.0,0.0,4,0.0,9,medication,relevant
657,med_fenoterol_and_ipratropium_bromide,0.0,0.0,0.0,2,0.0,135,medication,relevant
658,med_betahistine,0.0,0.0,0.0,8,0.0,166,medication,relevant
659,med_betamethasone,0.0,0.0,0.0,9,0.0,52,medication,relevant
660,med_brimonidine,0.0,0.0,0.0,4,0.0,48,medication,relevant
661,med_bupivacaine_combinations,1.0,1.0,1.0,1,1.0,6,medication,relevant
662,med_bupropion,0.0,0.0,0.0,2,0.0,29,medication,relevant
663,med_butylscopolamine,0.0,0.0,0.0,4,0.0,91,medication,relevant
664,med_cardioplegia_solutions,0.0,0.0,0.0,1,0.0,29,medication,relevant
665,med_carvedilol,0.0,0.0,0.0,7,0.0,70,medication,relevant
666,med_other_emollients_and_protectives,0.0,0.0,0.0,27,0.0,355,medication,relevant
667,med_chlorprothixene,0.0,0.0,0.0,1,0.0,32,medication,relevant
668,med_chlortalidone,0.0,0.0,0.0,6,0.0,38,medication,relevant
669,med_chloral_hydrate,0.0,0.0,0.0,2,0.0,2,medication,relevant
670,med_ciclesonide,0.0,0.0,0.0,9,0.0,89,medication,relevant
671,med_ciclopirox,0.0,0.0,0.0,2,0.0,47,medication,relevant
672,med_cinacalcet,0.0,0.0,0.0,5,0.0,129,medication,relevant
673,med_citalopram,0.0,0.0,0.0,23,0.0,149,medication,relevant
674,med_clomipramine,0.0,0.0,0.0,7,0.0,89,medication,relevant
675,med_clonazepam,0.0,0.0,0.0,2,0.0,93,medication,relevant
676,med_clozapine,0.0,0.0,0.0,5,0.0,30,medication,relevant
677,med_imatinib,0.0,0.0,0.0,3,0.0,55,medication,relevant
678,med_cyanocobalamin,0.0,0.0,0.0,8,0.0,93,medication,relevant
679,med_dabigatran_etexilate,0.0,0.0,0.0,6,0.0,145,medication,relevant
680,med_dantrolene,0.0,0.0,0.0,1,0.0,5,medication,relevant
681,med_dapagliflozin,0.0,0.0,0.0,4,0.0,32,medication,relevant
682,med_clobetasol,0.0,0.0,0.0,2,0.0,32,medication,relevant
683,med_desloratadine,0.0,0.0,0.0,10,0.0,50,medication,relevant
684,med_dexamethasone_and_antiinfectives,0.0,0.0,0.0,9,0.0,170,medication,relevant
685,med_diazepam,0.0,0.0,0.0,15,0.0,267,medication,relevant
686,med_diclofenac_combinations,0.0,0.0,0.0,3,0.0,8,medication,relevant
687,med_dolutegravir,0.0,0.0,0.0,2,0.0,35,medication,relevant
688,med_formoterol_and_aclidinium_bromide,0.0,0.0,0.0,1,0.0,4,medication,relevant
689,med_emtricitabine_and_tenofovir_alafenamide,0.0,0.0,0.0,2,0.0,35,medication,relevant
690,med_escitalopram,0.0,0.0,0.0,6,0.0,61,medication,relevant
691,med_etoricoxib,0.0,0.0,0.0,6,0.0,23,medication,relevant
692,med_famotidine,0.0,0.0,0.0,4,0.0,87,medication,relevant
693,med_phenprocoumon,0.0,0.0,0.0,5,0.0,34,medication,relevant
694,med_fluticasone,0.0,0.0,0.0,12,0.0,67,medication,relevant
695,med_fludrocortisone,0.0,0.0,0.0,1,0.0,1,medication,relevant
696,med_flunitrazepam,0.0,0.0,0.0,1,0.0,6,medication,relevant
697,med_fluticasone_furoate,0.0,0.0,0.0,9,0.0,112,medication,relevant
698,med_vilanterol_and_fluticasone_furoate,0.0,0.0,0.0,6,0.0,76,medication,relevant
699,med_formoterol,0.0,0.0,0.0,6,0.0,163,medication,relevant
700,med_formoterol_and_beclometasone,0.0,0.0,0.0,6,0.0,284,medication,relevant
701,med_fusidic_acid,0.0,0.0,0.0,9,0.0,269,medication,relevant
702,med_gadoteridol,0.0,0.0,0.0,1,0.0,2,medication,relevant
703,med_gemfibrozil,0.0,0.0,0.0,1,0.0,2,medication,relevant
704,med_formoterol_and_glycopyrronium_bromide,0.0,0.0,0.0,1,0.0,2,medication,relevant
705,med_granisetron,0.0,0.0,0.0,3,0.0,5,medication,relevant
706,med_hydroxocobalamin,0.0,0.0,0.0,1,0.0,6,medication,relevant
707,med_hydrocortisone_and_antiinfectives,0.0,0.0,0.0,4,0.0,19,medication,relevant
708,med_hydroxyethylstarch,0.0,0.0,0.0,4,0.0,11,medication,relevant
709,med_iloprost,0.0,0.0,0.0,5,0.0,291,medication,relevant
710,med_immunoglobulins_normal_human_for_intravascular_adm,0.0,0.0,0.0,2,0.0,6,medication,relevant
711,med_umeclidinium_bromide,0.0,0.0,0.0,3,0.0,43,medication,relevant
712,med_indacaterol_and_glycopyrronium_bromide,0.0,0.0,0.0,4,0.0,25,medication,relevant
713,med_ivermectin,0.0,0.0,0.0,2,0.0,10,medication,relevant
714,med_ketoconazole,0.0,0.0,0.0,9,0.0,210,medication,relevant
715,med_lactitol,0.0,0.0,0.0,3,0.0,73,medication,relevant
716,med_lercanidipine,0.0,0.0,0.0,3,0.0,53,medication,relevant
717,med_levocetirizine,0.0,0.0,0.0,10,0.0,59,medication,relevant
718,med_levodopa_and_decarboxylase_inhibitor,0.0,0.0,0.0,10,0.0,154,medication,relevant
719,med_linagliptin,0.0,0.0,0.0,3,0.0,16,medication,relevant
720,med_lithium,0.0004426737494466578,0.16666666666666666,0.0008830022075055188,6,0.16666666666666666,58,medication,relevant
721,med_magnesium_chloride,0.0,0.0,0.0,4,0.0,136,medication,relevant
722,med_melatonin,0.0,0.0,0.0,11,0.0,255,medication,relevant
723,med_methotrexate,0.0,0.0,0.0,4,0.0,6,medication,relevant
724,med_methyldopa_(levorotatory),0.0,0.0,0.0,2,0.0,68,medication,relevant
725,med_methylphenidate,0.0,0.0,0.0,12,0.0,179,medication,relevant
726,med_mometasone,0.0,0.0,0.0,14,0.0,112,medication,relevant
727,med_montelukast,0.0,0.0,0.0,6,0.0,60,medication,relevant
728,med_vitamin_b-complex_with_vitamin_c,0.0,0.0,0.0,6,0.0,223,medication,relevant
729,med_morphine_combinations,0.0,0.0,0.0,4,0.0,61,medication,relevant
730,med_naproxen,0.0,0.0,0.0,19,0.0,273,medication,relevant
731,med_nebivolol,0.0,0.0,0.0,9,0.0,66,medication,relevant
732,med_ciclosporin,0.0,0.0,0.0,1,0.0,25,medication,relevant
733,med_nimodipine,0.0,0.0,0.0,1,0.0,1,medication,relevant
734,med_nintedanib,0.0,0.0,0.0,1,0.0,18,medication,relevant
735,med_olmesartan_medoxomil,0.0,0.0,0.0,4,0.0,32,medication,relevant
736,med_omalizumab,0.0,0.0,0.0,3,0.0,5,medication,relevant
737,med_oxcarbazepine,0.0,0.0,0.0,1,0.0,7,medication,relevant
738,med_oxybuprocaine,0.0,0.0,0.0,1,0.0,8,medication,relevant
739,med_oxycodone,0.0,0.0,0.0,58,0.0,1496,medication,relevant
740,med_mesalazine,0.0,0.0,0.0,12,0.0,155,medication,relevant
741,med_pipamperone,0.0,0.0,0.0,2,0.0,78,medication,relevant
742,med_ispaghula_(psylla_seeds),0.0,0.0,0.0,13,0.0,423,medication,relevant
743,med_prasugrel,0.0,0.0,0.0,3,0.0,9,medication,relevant
744,med_propranolol,0.0,0.0,0.0,6,0.0,27,medication,relevant
745,med_coagulation_factor_ix_ii_vii_and_x_in_combination,0.0,0.0,0.0,9,0.0,15,medication,relevant
746,med_pyridostigmine,0.0,0.0,0.0,8,0.0,207,medication,relevant
747,med_protamine,0.0,0.0,0.0,3,0.0,54,medication,relevant
748,med_regadenoson,0.0,0.0,0.0,1,0.0,2,medication,relevant
749,med_sevelamer,0.0,0.0,0.0,3,0.0,145,medication,relevant
750,med_repaglinide,0.0,0.0,0.0,1,0.0,20,medication,relevant
751,med_rifampicin,0.0,0.0,0.0,4,0.0,38,medication,relevant
752,med_rivaroxaban,0.0,0.0,0.0,6,0.0,93,medication,relevant
753,med_rupatadine,0.0,0.0,0.0,1,0.0,5,medication,relevant
754,med_valsartan_and_sacubitril,0.0,0.0,0.0,6,0.0,116,medication,relevant
755,med_salmeterol_and_fluticasone,0.0,0.0,0.0,8,0.0,99,medication,relevant
756,med_scopolamine,0.0,0.0,0.0,8,0.0,57,medication,relevant
757,med_silodosin,0.0,0.0,0.0,2,0.0,21,medication,relevant
758,med_solifenacin,0.0,0.0,0.0,14,0.0,115,medication,relevant
759,med_sulfasalazine,0.0,0.0,0.0,2,0.0,3,medication,relevant
760,med_formoterol_and_budesonide,0.0,0.0,0.0,6,0.0,77,medication,relevant
761,med_tafluprost,0.0,0.0,0.0,1,0.0,17,medication,relevant
762,med_tapentadol,0.0,0.0,0.0,3,0.0,67,medication,relevant
763,med_carbamazepine,0.0,0.0,0.0,10,0.0,105,medication,relevant
764,med_telmisartan,0.0,0.0,0.0,8,0.0,34,medication,relevant
765,med_thiamazole,0.0,0.0,0.0,2,0.0,32,medication,relevant
766,med_topiramate,0.0,0.0,0.0,6,0.0,82,medication,relevant
767,med_travoprost,0.0,0.0,0.0,2,0.0,8,medication,relevant
768,med_insulin_degludec,0.0,0.0,0.0,5,0.0,36,medication,relevant
769,med_tri1inolone,0.0,0.0,0.0,8,0.0,98,medication,relevant
770,med_formoterol_glycopyrronium_bromide_and_beclometasone,0.0,0.0,0.0,3,0.0,64,medication,relevant
771,med_verapamil,0.0,0.0,0.0,11,0.0,57,medication,relevant
772,med_vildagliptin,0.0,0.0,0.0,6,0.0,39,medication,relevant
773,med_zofenopril,0.0,0.0,0.0,1,0.0,1,medication,relevant
774,hemoglobin_unspecified,0.0,0.0,0.0,16,0.0,20382,laboratory value,relevant
775,hba1c_unspecified,0.0,0.0,0.0,11,0.0,67,laboratory value,relevant
776,transferrin_saturation,0.0,0.0,0.0,11,0.0,61,laboratory value,relevant
777,gentamicin_trough_level,0.0,0.0,0.0,4,0.0,10,laboratory value,relevant
778,tsh_unspecified,0.0,0.0,0.0,21,0.0,294,laboratory value,relevant
779,cortisol_unspecified,0.0,0.0,0.0,15,0.0,61,laboratory value,relevant
780,ana_unspecified,0.0,0.0,0.0,4,0.0,10,laboratory value,relevant
781,ph_urine,0.0,0.0,0.0,11,0.0,2127,laboratory value,relevant
782,albumin_urine,0.0,0.0,0.0,13,0.0,125,laboratory value,relevant
783,thrombin_time_unspecified,0.0,0.0,0.0,5,0.0,115,laboratory value,relevant
784,ft4_unspecified,0.0,0.0,0.0,19,0.0,186,laboratory value,relevant
785,albumin_pv,0.0,0.0,0.0,2,0.0,3,laboratory value,relevant
786,red_blood_cell_distribution_width_sd,0.0,0.0,0.0,4,0.0,1190,laboratory value,relevant
787,eosinophils_microscope,0.0,0.0,0.0,1,0.0,60,laboratory value,relevant
788,basophils_microscope,0.0,0.0,0.0,1,0.0,59,laboratory value,relevant
789,lymphocytes_microscopy,0.0,0.0,0.0,1,0.0,61,laboratory value,relevant
790,monocytes_microscopy,0.0,0.0,0.0,1,0.0,61,laboratory value,relevant
791,erythroblasts_unspecified,0.0,0.0,0.0,6,0.0,341,laboratory value,relevant
792,osmol_gap_unspecified,0.0,0.0,0.0,2,0.0,6,laboratory value,relevant
793,temperature_lab,0.0,0.0,0.0,1,0.0,10960,infectiology,relevant
794,ph_blood,0.0,0.0,0.0,1,0.0,11040,laboratory value,relevant
795,bicarbonate_standard_unspecified,0.0,0.0,0.0,4,0.0,14498,laboratory value,relevant
796,carboxyhemoglobin_unspecified,0.0,0.0,0.0,5,0.0,15591,laboratory value,relevant
797,methemoglobin_unspecified,0.0,0.0,0.0,8,0.0,26076,laboratory value,relevant
798,analysis_source_bloodgas_venous_text,0.0,0.0,0.0,2,0.0,3775,laboratory value,relevant
799,analysis_source_bloodgas_capillary_text,0.0,0.0,0.0,3,0.0,31,laboratory value,relevant
800,analysis_source_whole_blood_arterial,0.0,0.0,0.0,1,0.0,10584,laboratory value,relevant
801,analysis_source_whole_blood_venous,0.0,0.0,0.0,1,0.0,240,laboratory value,relevant
802,segmented_neutrophils_perc,0.0,0.0,0.0,9,0.0,265,laboratory value,relevant
803,fluid_in_drain,0.0,0.0,0.0,3,0.0,7,fluid balance,relevant
804,driving_pressure,0.0,0.0,0.0,6,0.0,216905,respiratory,relevant
805,intrinsic_peep_total,0.0,0.0,0.0,1,0.0,1538,respiratory,relevant
806,weight_unspecified,0.0,0.0,0.0,3,0.0,420,demographics,relevant
807,vent_mechanics_mechanical_power,0.0,0.0,0.0,3,0.0,7209,respiratory,relevant
808,fluid_out_urine_frequency,0.0,0.0,0.0,1,0.0,1,fluid balance,relevant
809,pulmonary_artery_pressure_unspecified,0.0,0.0,0.0,8,0.0,23972,hemodynamics,relevant
810,pulse_rate,0.0,0.0,0.0,13,0.0,215571,hemodynamics,relevant
811,inspiratory_rise_time_perc,0.0,0.0,0.0,11,0.0,133723,respiratory,relevant
812,fluid_out_netto_ultrafiltration_dialysis,0.0,0.0,0.0,3,0.0,94,renal replacement therapy,relevant
813,med_multienzymes_(lipase_protease_etc),0.0,0.0,0.0,7,0.0,465,medication,relevant
814,med_anakinra,0.0,0.0,0.0,3,0.0,128,medication,relevant
815,med_atovaquone,0.0,0.0,0.0,1,0.0,11,medication,relevant
816,med_intestinal_antiinflammatory_agents,0.0,0.0,0.0,1,0.0,6,medication,relevant
817,med_calcipotriol_combinations,0.0,0.0,0.0,3,0.0,16,medication,relevant
818,med_bupivacaine,0.0,0.0,0.0,2,0.0,3,medication,relevant
819,med_calcitriol,0.0,0.0,0.0,2,0.0,12,medication,relevant
820,med_caspofungin,0.0,0.0,0.0,5,0.0,154,medication,relevant
821,med_cinnarizine,0.0,0.0,0.0,1,0.0,4,medication,relevant
822,med_clobazam,0.0,0.0,0.0,4,0.0,73,medication,relevant
823,med_desoximetasone,0.0,0.0,0.0,2,0.0,6,medication,relevant
824,med_emedastine,0.0,0.0,0.0,1,0.0,9,medication,relevant
825,med_phenytoin,0.0,0.0,0.0,9,0.0,154,medication,relevant
826,med_fexofenadine,0.0,0.0,0.0,2,0.0,44,medication,relevant
827,med_flucytosine,0.0,0.0,0.0,1,0.0,18,medication,relevant
828,med_fluoxetine,0.0,0.0,0.0,4,0.0,66,medication,relevant
829,med_fluvoxamine,0.0,0.0,0.0,2,0.0,16,medication,relevant
830,med_fosinopril,0.0,0.0,0.0,8,0.0,50,medication,relevant
831,med_glycopyrronium_bromide,0.0,0.0,0.0,2,0.0,87,medication,relevant
832,med_isavuconazole,0.0,0.0,0.0,2,0.0,48,medication,relevant
833,med_iobitridol,0.0,0.0,0.0,2,0.0,92,medication,relevant
834,med_lacosamide,0.0,0.0,0.0,2,0.0,146,medication,relevant
835,med_lamotrigine,0.0,0.0,0.0,4,0.0,155,medication,relevant
836,med_levomepromazine,0.0,0.0,0.0,13,0.0,162,medication,relevant
837,med_mannitol,0.0,0.0,0.0,4,0.0,6,medication,relevant
838,med_meclozine_combinations,0.0,0.0,0.0,2,0.0,3,medication,relevant
839,med_other_non-therapeutic_auxiliary_products,0.0,0.0,0.0,1,0.0,30,medication,relevant
840,med_meloxicam,0.0,0.0,0.0,4,0.0,38,medication,relevant
841,med_moxifloxacin,0.0,0.0,0.0,5,0.0,28,medication,relevant
842,med_nandrolone,0.0,0.0,0.0,1,0.0,1,medication,relevant
843,med_nitrofurantoin,0.0,0.0,0.0,9,0.0,76,medication,relevant
844,med_noscapine,0.0,0.0,0.0,2,0.0,84,medication,relevant
845,med_ranitidine,0.0,0.0,0.0,9,0.0,45,medication,relevant
846,med_rasburicase,0.0,0.0,0.0,1,0.0,1,medication,relevant
847,med_roflumilast,0.0,0.0,0.0,2,0.0,39,medication,relevant
848,med_senna_glycosides,0.0,0.0,0.0,3,0.0,63,medication,relevant
849,med_various_alimentary_tract_and_metabolism_products,0.0,0.0,0.0,3,0.0,15409,medication,relevant
850,med_tacrolimus,0.0,0.0,0.0,7,0.0,111,medication,relevant
851,med_teicoplanin,0.0,0.0,0.0,4,0.0,60,medication,relevant
852,med_testosterone,0.0,0.0,0.0,3,0.0,15,medication,relevant
853,med_tioguanine,0.0,0.0,0.0,1,0.0,15,medication,relevant
854,med_trazodone,0.0,0.0,0.0,4,0.0,19,medication,relevant
855,med_selective_immunosuppressants,0.0,0.0,0.0,1,0.0,9,medication,relevant
856,med_enzymes,0.0,0.0,0.0,1,0.0,3,medication,relevant
857,med_vilanterol_and_umeclidinium_bromide,0.0,0.0,0.0,1,0.0,13,medication,relevant
858,med_carbamide,0.0,0.0,0.0,1,0.0,3,medication,relevant
859,anti_xa_lmwh,0.0,0.0,0.0,2,0.0,28,laboratory value,relevant
860,calcium_ionised_post_filter_cvvh,0.0,0.0,0.0,11,0.0,1176,renal replacement therapy,relevant
861,leukocytes_urine,0.0,0.0,0.0,11,0.0,327,laboratory value,relevant
862,eosinophils_perc_unspecified,0.0,0.0,0.0,6,0.0,3842,laboratory value,relevant
863,carboxyhemoglobin_arterial,0.0,0.0,0.0,3,0.0,4959,laboratory value,relevant
864,glucose_bloodgas,0.0,0.0,0.0,1,0.0,1,laboratory value,relevant
865,protein_urine_24hours,1.0,0.16666666666666666,0.2857142857142857,6,0.16666666666666666,79,laboratory value,relevant
866,so2_bloodgas,0.0,0.0,0.0,5,0.0,16495,laboratory value,relevant
867,chloride_venous,0.0,0.0,0.0,5,0.0,380,laboratory value,relevant
868,glucose_venous,0.0,0.0,0.0,5,0.0,15,laboratory value,relevant
869,lactate_capillary,0.0,0.0,0.0,2,0.0,7,laboratory value,relevant
870,sodium_venous,0.0,0.0,0.0,2,0.0,10,laboratory value,relevant
871,erythrocytes_urine,0.0,0.0,0.0,10,0.0,687,laboratory value,relevant
872,basophils_perc_unspecified,0.0,0.0,0.0,10,0.0,3455,laboratory value,relevant
873,lda_catheter_arterial,0.0,0.0,0.0,4,0.0,597,lda,relevant
874,lda_catheter_central_venous,0.0,0.0,0.0,10,0.0,325,lda,relevant
875,lda_catheter_cvvh,0.0,0.0,0.0,5,0.0,64,lda,relevant
876,lda_catheter_picc,0.0,0.0,0.0,2,0.0,9,lda,relevant
877,pulse_rate_monitor,0.0,0.0,0.0,1,0.0,8853,hemodynamics,relevant
878,fio2_nice,0.0,0.0,0.0,4,0.0,20976,respiratory,relevant
879,cam_icu_score_q2,0.0,0.0,0.0,2,0.0,1638,clinical score,relevant
880,cam_icu_score_q3,0.0,0.0,0.0,2,0.0,5703,clinical score,relevant
881,reason_death_text,0.0,0.0,0.0,3,0.0,3,admission information,relevant
882,minute_volume_inspiratory,0.0,0.0,0.0,12,0.0,1228442,clinical score,relevant
883,ecg_v,0.0,0.0,0.0,2,0.0,449,hemodynamics,relevant
884,dialysis_duration,0.0,0.0,0.0,1,0.0,20,renal replacement therapy,relevant
885,break_time_set,0.0,0.0,0.0,3,0.0,522,respiratory,relevant
886,med_acipimox,0.0,0.0,0.0,1,0.0,2,medication,relevant
887,med_acitretin,0.0,0.0,0.0,1,0.0,1,medication,relevant
888,med_etanercept,0.0,0.0,0.0,1,0.0,2,medication,relevant
889,med_bromhexine,0.0,0.0,0.0,1,0.0,1,medication,relevant
890,med_calcium_acetate_and_magnesium_carbonate,0.0,0.0,0.0,1,0.0,2,medication,relevant
891,med_calcium_carbonate,0.0,0.0,0.0,4,0.0,19,medication,relevant
892,med_cannabinoids,0.0,0.0,0.0,1,0.0,1,medication,relevant
893,med_carbetocin,0.0,0.0,0.0,1,0.0,1,medication,relevant
894,med_caffeine,0.0,0.0,0.0,1,0.0,1,medication,relevant
895,med_creosote,0.0,0.0,0.0,1,0.0,1,medication,relevant
896,med_omega-3-triglycerides_incl_other_esters_and_acids,0.0,0.0,0.0,2,0.0,2,medication,relevant
897,med_multivitamins_and_other_minerals_incl_combinations,0.0,0.0,0.0,9,0.0,137,medication,relevant
898,med_empagliflozin,0.0,0.0,0.0,1,0.0,3,medication,relevant
899,med_felodipine,0.0,0.0,0.0,1,0.0,1,medication,relevant
900,med_iron_parenteral_preparations,0.0,0.0,0.0,8,0.0,24,medication,relevant
901,med_ferrous_fumarate,0.0,0.0,0.0,4,0.0,41,medication,relevant
902,med_vitamin_d_and_analogues,0.0,0.0,0.0,7,0.0,7,medication,relevant
903,med_glucosamine,0.0,0.0,0.0,1,0.0,1,medication,relevant
904,med_cough_and_cold_preparations,0.0,0.0,0.0,2,0.0,8,medication,relevant
905,med_insulin_lispro,0.0,0.0,0.0,5,0.0,60,medication,relevant
906,med_ibuprofen,0.0,0.0,0.0,6,0.0,116,medication,relevant
907,med_indometacin,0.0,0.0,0.0,3,0.0,19,medication,relevant
908,med_leflunomide,0.0,0.0,0.0,3,0.0,4,medication,relevant
909,med_levofloxacin,0.0,0.0,0.0,4,0.0,20,medication,relevant
910,med_levonorgestrel,0.0,0.0,0.0,1,0.0,1,medication,relevant
911,med_loratadine,0.0,0.0,0.0,2,0.0,2,medication,relevant
912,med_lormetazepam,0.0,0.0,0.0,3,0.0,254,medication,relevant
913,med_cannabidiol,0.0,0.0,0.0,1,0.0,1,medication,relevant
914,med_other_antiinflammatory_and_antirheumatic_agents_non-steroids,0.0,0.0,0.0,1,0.0,1,medication,relevant
915,med_magnesium,0.0,0.0,0.0,1,0.0,1,medication,relevant
916,med_mizolastine,0.0,0.0,0.0,1,0.0,1,medication,relevant
917,med_multivitamins_plain,0.0,0.0,0.0,8,0.0,1297,medication,relevant
918,med_multivitamins_with_minerals,0.0,0.0,0.0,2,0.0,14,medication,relevant
919,med_magnesium_(different_salts_in_combination),0.0,0.0,0.0,1,0.0,1,medication,relevant
920,med_risedronic_acid,0.0,0.0,0.0,3,0.0,7,medication,relevant
921,med_ruxolitinib,0.0,0.0,0.0,5,0.0,45,medication,relevant
922,med_semaglutide,0.0,0.0,0.0,1,0.0,1,medication,relevant
923,med_tadalafil,0.0,0.0,0.0,2,0.0,2,medication,relevant
924,med_tenecteplase,0.0,0.0,0.0,1,0.0,1,medication,relevant
925,med_timolol,0.0,0.0,0.0,5,0.0,45,medication,relevant
926,med_solutions_for_parenteral_nutrition,0.0,0.0,0.0,7,0.0,30,medication,relevant
927,med_tramadol,0.0,0.0,0.0,6,0.0,17,medication,relevant
928,med_trimethoprim,0.0,0.0,0.0,3,0.0,9,medication,relevant
929,med_amino_acids,0.0,0.0,0.0,2,0.0,4,medication,relevant
930,med_vosaroxin,0.0,0.0,0.0,1,0.0,1,medication,relevant
931,med_zuclopenthixol,0.0,0.0,0.0,1,0.0,2,medication,relevant
932,erythrocytes_blood,0.0,0.0,0.0,33,0.0,1421,laboratory value,relevant
933,calcium_total,0.0,0.0,0.0,4,0.0,674,laboratory value,relevant
934,basophils_absolute,0.0,0.0,0.0,30,0.0,2056,laboratory value,relevant
935,eosinophils_absolute,0.0,0.0,0.0,30,0.0,2811,laboratory value,relevant
936,lymphocytes_perc_unspecified,0.0,0.0,0.0,8,0.0,3162,laboratory value,relevant
937,lymphocytes_absolute,0.0,0.0,0.0,31,0.0,2553,laboratory value,relevant
938,monocytes_perc_unspecified,0.0,0.0,0.0,8,0.0,3164,laboratory value,relevant
939,monocytes_absolute,0.0,0.0,0.0,29,0.0,2361,laboratory value,relevant
940,neutrophils_perc_unspecified,0.0,0.0,0.0,3,0.0,2922,laboratory value,relevant
941,neutrophils_absolute,0.0,0.0,0.0,9,0.0,1672,laboratory value,relevant
942,sodium_whole_blood,0.0,0.0,0.0,7,0.0,20451,laboratory value,relevant
943,calcium_ionised_venous,0.0,0.0,0.0,8,0.0,558,laboratory value,relevant
944,potassium_venous,0.0,0.0,0.0,6,0.0,170,laboratory value,relevant
945,galactomannan_bronchial_text,0.0,0.0,0.0,3,0.0,14,laboratory value,relevant
946,galactomannan_unspecified_index,0.0,0.0,0.0,5,0.0,54,laboratory value,relevant
947,lopinavir_level,0.0,0.0,0.0,1,0.0,17,laboratory value,relevant
948,sodium_urine,0.0,0.0,0.0,7,0.0,218,laboratory value,relevant
949,band_neutrophils_perc_unspecified,0.0,0.0,0.0,8,0.0,1509,laboratory value,relevant
950,valproic_acid_level,0.0,0.0,0.0,4,0.0,10,laboratory value,relevant
951,bicarbonate_actual_bloodgas,0.0,0.0,0.0,3,0.0,5799,laboratory value,relevant
952,po2_capillary,0.0,0.0,0.0,3,0.0,19,laboratory value,relevant
953,extravascular_lung_water,0.0,0.0,0.0,6,0.0,858,hemodynamics,relevant
954,bipap_low_pressure,0.0,0.0,0.0,3,0.0,882,respiratory,relevant
955,global_end_diastolic_volume,0.0,0.0,0.0,7,0.0,11220,hemodynamics,relevant
956,expiratory_time_unspecified,0.0,0.0,0.0,5,0.0,692729,respiratory,relevant
957,bipap_high_pressure,0.0,0.0,0.0,6,0.0,886,respiratory,relevant
958,med_hydrochlorothiazide_and_potassium-sparing_agents,0.0,0.0,0.0,1,0.0,6,medication,relevant
959,med_preparations_for_treatment_of_wounds_and_ulcers,0.0,0.0,0.0,1,0.0,12,medication,relevant
960,med_entecavir,0.0,0.0,0.0,2,0.0,67,medication,relevant
961,med_budesonide,0.0,0.0,0.0,7,0.0,13,medication,relevant
962,med_vitamins,0.0,0.0,0.0,3,0.0,120,medication,relevant
963,med_cinnarizine_combinations,0.0,0.0,0.0,1,0.0,1,medication,relevant
964,med_colestyramine,0.0,0.0,0.0,2,0.0,46,medication,relevant
965,med_enalapril_and_diuretics,0.0,0.0,0.0,2,0.0,15,medication,relevant
966,med_fluorometholone,0.0,0.0,0.0,3,0.0,230,medication,relevant
967,med_gentamicin,0.0,0.0,0.0,7,0.0,118,medication,relevant
968,med_hemodialytics_concentrates,0.0,0.0,0.0,2,0.0,19,medication,relevant
969,med_hyaluronidase,0.0,0.0,0.0,2,0.0,3,medication,relevant
970,med_potassium_perchlorate,0.0,0.0,0.0,1,0.0,1,medication,relevant
971,med_magnesium_gluconate,0.0,0.0,0.0,1,0.0,26,medication,relevant
972,med_naloxone,0.0,0.0,0.0,2,0.0,9,medication,relevant
973,med_octreotide,0.0,0.0,0.0,6,0.0,30,medication,relevant
974,med_pioglitazone,0.0,0.0,0.0,1,0.0,1,medication,relevant
975,med_pizotifen,0.0,0.0,0.0,2,0.0,24,medication,relevant
976,med_prilocaine,0.0,0.0,0.0,3,0.0,3,medication,relevant
977,med_hemofiltrates,0.0,0.0,0.0,1,0.0,1,medication,relevant
978,med_ramipril,0.0,0.0,0.0,10,0.0,400,medication,relevant
979,med_multivitamins_combinations,0.0,0.0,0.0,6,0.0,150,medication,relevant
980,med_theophylline,0.0,0.0,0.0,2,0.0,2,medication,relevant
981,med_soft_paraffin_and_fat_products,0.0,0.0,0.0,2,0.0,11,medication,relevant
982,oxyhemoglobin_fraction_venous,0.0,0.0,0.0,1,0.0,112,laboratory value,relevant
983,active_b12_unspecified,0.0,0.0,0.0,2,0.0,51,laboratory value,relevant
984,methemoglobin_arterial,0.0,0.0,0.0,3,0.0,9845,laboratory value,relevant
985,bnp_unspecified,0.0,0.0,0.0,2,0.0,34,laboratory value,relevant
986,anion_gap_arterial,0.0,0.0,0.0,5,0.0,10515,laboratory value,relevant
987,methemoglobin_venous,0.0,0.0,0.0,1,0.0,112,laboratory value,relevant
988,carbon_monoxide_unspecified,0.0,0.0,0.0,5,0.0,17394,laboratory value,relevant
989,protein_urine,0.0,0.0,0.0,9,0.0,192,laboratory value,relevant
990,potassium_urine,0.0,0.0,0.0,7,0.0,36,laboratory value,relevant
991,erythrocytes_urine_text,0.0,0.0,0.0,11,0.0,223,laboratory value,relevant
992,creatinine_urine,0.0,0.0,0.0,14,0.0,289,laboratory value,relevant
993,reticulocytes_absolute,0.0,0.0,0.0,12,0.0,1315,laboratory value,relevant
994,tidal_volume_per_kg,0.0,0.0,0.0,3,0.0,998961,respiratory,relevant
995,pain_score_nrs,0.0,0.0,0.0,6,0.0,6161,clinical score,relevant
996,inspiratory_co2_measured,0.0,0.0,0.0,4,0.0,17869,respiratory,relevant
997,tidal_volume_expiratory_spontaneous,0.0,0.0,0.0,1,0.0,183839,respiratory,relevant
998,nice_own_diagnosis_1,0.0,0.0,0.0,2,0.0,1341,nice data,relevant
999,inspiratory_flow,0.0,0.0,0.0,1,0.0,523572,respiratory,relevant
1000,pressure_support_set,0.0,0.0,0.0,1,0.0,240321,respiratory,relevant
1001,nice_reintubatie,0.0,0.0,0.0,3,0.0,228,nice data,relevant
1002,nice_trach,0.0,0.0,0.0,4,0.0,402,nice data,relevant
1003,sofa_resp_support,0.0,0.0,0.0,3,0.0,77273,sofa score,relevant
1004,tidal_volume_inspiratory_measured,0.0,0.0,0.0,3,0.0,702846,respiratory,relevant
1005,saturation_o2_peripheral_monitor,0.0,0.0,0.0,1,0.0,940984,respiratory,relevant
1006,temperature_set,0.0,0.0,0.0,4,0.0,991,infectiology,relevant
1007,lung_compliance_static,0.0,0.0,0.0,4,0.0,952323,respiratory,relevant
1008,segmented_neutrophils_blood,0.0,0.0,0.0,2,0.0,342,laboratory value,relevant
1009,tidal_volume_inspiratory_set,0.0,0.0,0.0,2,0.0,5023,respiratory,relevant
1010,bipap_inspiratory_pressure_set,0.0,0.0,0.0,1,0.0,133,respiratory,relevant
1011,calcium_suppletion_dosage_cvvh,0.0,0.0,0.0,5,0.0,56363,renal replacement therapy,relevant
1012,substitution_anticoagulants_cvvhd,0.0,0.0,0.0,1,0.0,3881,renal replacement therapy,relevant
1013,insp_exp_ratio_inspiratory_part,0.0,0.0,0.0,3,0.0,352587,respiratory,relevant
1014,insp_exp_ratio_expiratory_part,0.0,0.0,0.0,4,0.0,124590,respiratory,relevant
1015,pre_filter_pressure_cvvh,0.0,0.0,0.0,4,0.0,35889,renal replacement therapy,relevant
1016,tobramycin_level,0.0,0.0,0.0,2,0.0,23,laboratory value,relevant
1017,ph_central_venous,0.0,0.0,0.0,3,0.0,261,laboratory value,relevant
1018,pco2_central_venous,0.0,0.0,0.0,3,0.0,260,laboratory value,relevant
1019,bicarbonate_actual_central_venous,0.0,0.0,0.0,4,0.0,266,laboratory value,relevant
1020,base_excess_central_venous,0.0,0.0,0.0,4,0.0,515,laboratory value,relevant
1021,po2_central_venous,0.0,0.0,0.0,4,0.0,423,laboratory value,relevant
1022,minute_volume_set,0.0,0.0,0.0,4,0.0,15167,respiratory,relevant
1023,pacemaker_unspecified,0.0,0.0,0.0,8,0.0,373,hemodynamics,relevant
1024,potassium_urine_24hours,1.0,0.14285714285714285,0.25,7,0.14285714285714285,13,laboratory value,relevant
1025,flucloxacillin_level,0.0,0.0,0.0,1,0.0,27,laboratory value,relevant
1026,level_of_consciousness_text,0.0,0.0,0.0,5,0.0,383,neurology,relevant
1027,med_ropivacaine,0.0,0.0,0.0,3,0.0,8,medication,relevant
1028,med_bimatoprost,0.0,0.0,0.0,3,0.0,27,medication,relevant
1029,med_methylcellulose,0.0,0.0,0.0,2,0.0,144,medication,relevant
1030,med_isoflurane,0.0,0.0,0.0,1,0.0,1047,medication,relevant
1031,med_tocilizumab,0.0,0.0,0.0,2,0.0,39,medication,relevant
1032,med_cisatracurium,0.0,0.0,0.0,4,0.0,1675,medication,relevant
1033,med_azithromycin,0.0,0.0,0.0,1,0.0,1,medication,relevant
1034,med_mycophenolic_acid,0.0,0.0,0.0,3,0.0,10,medication,relevant
1035,med_vitamin_k,0.0,0.0,0.0,3,0.0,4,medication,relevant
1036,med_pethidine,0.0,0.0,0.0,1,0.0,1,medication,relevant
1037,med_levonorgestrel_and_ethinylestradiol,0.0,0.0,0.0,6,0.0,37,medication,relevant
1038,med_latanoprost,0.0,0.0,0.0,4,0.0,81,medication,relevant
1039,med_diatrizoic_acid,0.0,0.0,0.0,1,0.0,3,medication,relevant
1040,med_ursodeoxycholic_acid,0.0,0.0,0.0,3,0.0,36,medication,relevant
1041,med_urapidil,0.0,0.0,0.0,2,0.0,163,medication,relevant
1042,fluid_in_parenteral_nutrition,0.0,0.0,0.0,6,0.0,325,fluid balance,relevant
1043,height_text,0.0,0.0,0.0,1,0.0,3,demographics,relevant
1044,med_insulin_glulisine,0.0,0.0,0.0,1,0.0,1,medication,relevant
1045,med_barnidipine,0.0,0.0,0.0,3,0.0,15,medication,relevant
1046,med_bromazepam,0.0,0.0,0.0,2,0.0,24,medication,relevant
1047,med_cimetidine,0.0,0.0,0.0,1,0.0,14,medication,relevant
1048,med_clobetasone,0.0,0.0,0.0,3,0.0,44,medication,relevant
1049,med_erythropoietin,0.0,0.0,0.0,1,0.0,1,medication,relevant
1050,med_sodium_glycerophosphate,0.0,0.0,0.0,4,0.0,427,medication,relevant
1051,med_hydralazine,0.0,0.0,0.0,3,0.0,220,medication,relevant
1052,med_irbesartan_and_diuretics,0.0,0.0,0.0,1,0.0,4,medication,relevant
1053,med_other_drugs_for_obstructive_airway_diseases_inhalants,0.0,0.0,0.0,1,0.0,5,medication,relevant
1054,med_sodium_selenite,0.0,0.0,0.0,1,0.0,59,medication,relevant
1055,med_iohexol,0.0,0.0,0.0,2,0.0,29,medication,relevant
1056,med_unknown,0.0,0.0,0.0,3,0.0,195,medication,relevant
1057,med_terazosin,0.0,0.0,0.0,3,0.0,20,medication,relevant
1058,med_terlipressin,0.0,0.0,0.0,2,0.0,49,medication,relevant
1059,med_olodaterol_and_tiotropium_bromide,0.0,0.0,0.0,2,0.0,4,medication,relevant
1060,med_tretinoin_combinations,0.0,0.0,0.0,1,0.0,6,medication,relevant
1061,sars_cov_2_igg,0.0,0.0,0.0,2,0.0,6,infectiology,relevant
1062,carboxyhemoglobin_blood,0.0,0.0,0.0,2,0.0,3444,laboratory value,relevant
1063,aspergillus_pcr,0.0,0.0,0.0,1,0.0,1,laboratory value,relevant
1064,heparin_bolus_cvvh_total,0.0,0.0,0.0,1,0.0,61281,renal replacement therapy,relevant
1065,calcium_volume_cvvhd,0.0,0.0,0.0,1,0.0,11273,renal replacement therapy,relevant
1066,neutrophils_blood,0.0,0.0,0.0,2,0.0,66,laboratory value,relevant
1067,ecg_ii,0.0,0.0,0.0,5,0.0,793309,hemodynamics,relevant
1068,ecg_iii,0.0,0.0,0.0,3,0.0,789856,hemodynamics,relevant
1069,ecg_avr,0.0,0.0,0.0,4,0.0,807240,hemodynamics,relevant
1070,ecg_avf,0.0,0.0,0.0,3,0.0,787293,hemodynamics,relevant
1071,apacheiv_score,0.0,0.0,0.0,1,0.0,80,clinical score,relevant
1072,cpot_score_intubated,0.0,0.0,0.0,2,0.0,3767,clinical score,relevant
1073,transmembrane_pressure_cvvhd,0.0,0.0,0.0,1,0.0,4969,renal replacement therapy,relevant
1074,ecg_i,0.0,0.0,0.0,5,0.0,791781,hemodynamics,relevant
1075,ecg_avl,0.0,0.0,0.0,3,0.0,788800,hemodynamics,relevant
1076,heart_rate_ecg,0.0,0.0,0.0,3,0.0,7774,hemodynamics,relevant
1077,erythroblasts_blood,0.0,0.0,0.0,2,0.0,36,laboratory value,relevant
1078,iron_saturation_blood,0.0,0.0,0.0,1,0.0,1,laboratory value,relevant
1079,mcv_blood,0.0,0.0,0.0,26,0.0,1857,laboratory value,relevant
1080,basophils_blood,0.0,0.0,0.0,2,0.0,390,laboratory value,relevant
1081,eosinophils_blood,0.0,0.0,0.0,5,0.0,336,laboratory value,relevant
1082,fibrinogen_blood,0.0,0.0,0.0,7,0.0,801,laboratory value,relevant
1083,leukocytes_blood,0.0,0.0,0.0,34,0.0,3104,laboratory value,relevant
1084,lymphocytes_blood,0.0,0.0,0.0,4,0.0,201,laboratory value,relevant
1085,monocytes_blood,0.0,0.0,0.0,3,0.0,337,laboratory value,relevant
1086,band_neutrophils_blood,0.0,0.0,0.0,16,0.0,155,laboratory value,relevant
1087,hematocrit_blood,0.0,0.0,0.0,34,0.0,4319,laboratory value,relevant
1088,sedimentation_rate_blood,0.0,0.0,0.0,3,0.0,17,laboratory value,relevant
1089,sodium_urine_24hours,0.0,0.0,0.0,5,0.0,17,laboratory value,relevant
1090,ureum_urine_24hours,0.0,0.0,0.0,4,0.0,12,laboratory value,relevant
1091,vent_mode_machine,0.0,0.0,0.0,3,0.0,7526,respiratory,relevant
1092,heparin_bolus_cvvh,0.0,0.0,0.0,3,0.0,30,renal replacement therapy,relevant
1093,med_danaparoid,0.0,0.0,0.0,2,0.0,32,medication,relevant
1094,med_protein_supplements,0.0,0.0,0.0,1,0.0,9,medication,relevant
1095,med_sodium_lauryl_sulfoacetate_incl_combinations,0.0,0.0,0.0,1,0.0,4,medication,relevant
1096,med_potassium_clorazepate,0.0,0.0,0.0,4,0.0,36,medication,relevant
1097,med_dosulepin,0.0,0.0,0.0,2,0.0,10,medication,relevant
1098,med_estradiol,0.0,0.0,0.0,4,0.0,7,medication,relevant
1099,med_combinations_of_electrolytes,0.0,0.0,0.0,3,0.0,217,medication,relevant
1100,med_electrolytes_in_combination_with_other_drugs,0.0,0.0,0.0,4,0.0,409,medication,relevant
1101,med_pamidronic_acid,0.0,0.0,0.0,3,0.0,4,medication,relevant
1102,med_perindopril_and_diuretics,0.0,0.0,0.0,3,0.0,15,medication,relevant
1103,sodium_blood,0.0,0.0,0.0,17,0.0,4369,laboratory value,relevant
1104,potassium_blood,0.0,0.0,0.0,22,0.0,6257,laboratory value,relevant
1105,glucose_measured_blood,0.0,0.0,0.0,7,0.0,4311,laboratory value,relevant
1106,lactate_blood,0.0,0.0,0.0,5,0.0,771,laboratory value,relevant
1107,galactomannan_blood_text,0.0,0.0,0.0,1,0.0,1,laboratory value,relevant
1108,osmolality_blood,0.0,0.0,0.0,3,0.0,22,laboratory value,relevant
1109,intrathoracic_blood_volume,0.0,0.0,0.0,4,0.0,828,hemodynamics,relevant
1110,position__prone__unknown__unknown__unknown__unknown,0.0,0.0,0.0,1,0.0,1017,position,relevant
1111,hemoglobin_bloodgas,0.0,0.0,0.0,3,0.0,1229,laboratory value,relevant
1112,tidal_volume_measured,0.0,0.0,0.0,5,0.0,48822,respiratory,relevant
1113,vent_mechanics_ptranspulm_insp,0.0,0.0,0.0,3,0.0,356217,respiratory,relevant
1114,vent_mechanics_ptranspulm_exp,0.0,0.0,0.0,2,0.0,355119,respiratory,relevant
1115,bilirubin_total_blood,0.0,0.0,0.0,11,0.0,1660,laboratory value,relevant
1116,ureum_blood,0.0,0.0,0.0,24,0.0,2914,laboratory value,relevant
1117,glucose_capillary,0.0,0.0,0.0,1,0.0,412,laboratory value,relevant
1118,ecg_v1,0.0,0.0,0.0,3,0.0,695504,hemodynamics,relevant
1119,ecg_v2,0.0,0.0,0.0,3,0.0,779299,hemodynamics,relevant
1120,ecg_v3,0.0,0.0,0.0,3,0.0,709577,hemodynamics,relevant
1121,ecg_v4,0.0,0.0,0.0,3,0.0,709283,hemodynamics,relevant
1122,ecg_v5,0.0,0.0,0.0,2,0.0,771558,hemodynamics,relevant
1123,ecg_v6,0.0,0.0,0.0,3,0.0,696875,hemodynamics,relevant
1124,creatine_kinase_mb_mass,0.0,0.0,0.0,2,0.0,452,laboratory value,relevant
1125,temperature_oesophageal,0.0,0.0,0.0,3,0.0,233324,infectiology,relevant
1126,fio2_optiflow,0.0,0.0,0.0,1,0.0,506,respiratory,relevant
1127,peak_pressure_measured,0.0,0.0,0.0,1,0.0,184305,respiratory,relevant
1128,chloride_blood,0.0,0.0,0.0,6,0.0,2550,laboratory value,relevant
1129,so2_central_venous,0.0,0.0,0.0,2,0.0,6,laboratory value,relevant
1130,vent_mechanics_airway_resistance,0.0,0.0,0.0,1,0.0,215,respiratory,relevant
1131,med_ascorbic_acid,0.0,0.0,0.0,1,0.0,10,medication,relevant
1132,med_levobupivacaine,0.0,0.0,0.0,5,0.0,63,medication,relevant
1133,med_suxamethonium,0.0,0.0,0.0,3,0.0,20,medication,relevant
1134,urine_culture_ordered,0.0,0.0,0.0,1,0.0,5,laboratory value,relevant
1135,inspiratory_pressure_unspecified,0.0,0.0,0.0,1,0.0,101,respiratory,relevant
1136,med_buprenorphine,0.0,0.0,0.0,6,0.0,9,medication,relevant
1137,med_duloxetine,0.0,0.0,0.0,4,0.0,26,medication,relevant
1138,med_febuxostat,0.0,0.0,0.0,1,0.0,1,medication,relevant
1139,med_ketorolac,0.0,0.0,0.0,1,0.0,18,medication,relevant
1140,med_nepafenac,0.0,0.0,0.0,1,0.0,19,medication,relevant
1141,med_all_other_therapeutic_products,0.0,0.0,0.0,3,0.0,56,medication,relevant
1142,med_nucleosides_and_nucleotides_excl_reverse_transcriptase_inhibitors,0.0,0.0,0.0,1,0.0,2,medication,relevant
1143,total_iron_binding_capacity,0.0,0.0,0.0,5,0.0,35,laboratory value,relevant
1144,segmented_neutrophils_absolute,0.0,0.0,0.0,25,0.0,1786,laboratory value,relevant
1145,chloride_bloodgas,0.0,0.0,0.0,1,0.0,209,laboratory value,relevant
1146,po2_mixed_venous,0.0,0.0,0.0,3,0.0,19,laboratory value,relevant
1147,volume_unspecified,0.0,0.0,0.0,1,0.0,47,fluid balance,relevant
1148,erythroblasts_absolute,0.0,0.0,0.0,30,0.0,3587,laboratory value,relevant
1149,respiratory_rate_niv,0.0,0.0,0.0,1,0.0,988,respiratory,relevant
1150,hematocrit_venous,0.0,0.0,0.0,1,0.0,192,laboratory value,relevant
1151,intracranial_pressure,0.0,0.0,0.0,5,0.0,1239,neurology,relevant
1152,hemoglobin_blood,0.0,0.0,0.0,37,0.0,2158,laboratory value,relevant
1153,med_dopamine,0.0,0.0,0.0,1,0.0,8,medication,relevant
1154,med_ephedrine,0.0,0.0,0.0,1,0.0,14,medication,relevant
1155,med_epinephrine_combinations,0.0,0.0,0.0,1,0.0,1,medication,relevant
1156,med_mivacurium_chloride,0.0,0.0,0.0,1,0.0,2,medication,relevant
1157,med_levodopa,0.0,0.0,0.0,1,0.0,32,medication,relevant
1158,med_rivastigmine,0.0,0.0,0.0,4,0.0,14,medication,relevant
1159,med_sodium,0.0,0.0,0.0,1,0.0,895,medication,relevant
1160,med_calcium,0.0,0.0,0.0,1,0.0,268,medication,relevant
1161,med_potassium,0.0,0.0,0.0,1,0.0,268,medication,relevant
1162,med_blood_substitutes_and_plasma_protein_fractions,0.0,0.0,0.0,1,0.0,73,medication,relevant
1163,med_bortezomib,0.0,0.0,0.0,1,0.0,3,medication,relevant
1164,med_celecoxib,0.0,0.0,0.0,6,0.0,21,medication,relevant
1165,med_dapsone,0.0,0.0,0.0,2,0.0,3,medication,relevant
1166,med_lidocaine_combinations,0.0,0.0,0.0,1,0.0,5,medication,relevant
1167,med_potassium_citrate,0.0,0.0,0.0,1,0.0,10,medication,relevant
1168,med_losartan_and_diuretics,0.0,0.0,0.0,4,0.0,8,medication,relevant
1169,med_miconazole_combinations,0.0,0.0,0.0,1,0.0,12,medication,relevant
1170,med_thalidomide,0.0,0.0,0.0,1,0.0,1,medication,relevant
1171,med_hydroxyzine,0.0,0.0,0.0,3,0.0,18,medication,relevant
1172,ureum_urine,0.0,0.0,0.0,4,0.0,35,laboratory value,relevant
1173,iron_saturation,0.0,0.0,0.0,2,0.0,6,laboratory value,relevant
1174,chloride_whole_blood,0.0,0.0,0.0,3,0.0,17683,laboratory value,relevant
1175,potassium_whole_blood,0.0,0.0,0.0,3,0.0,20444,laboratory value,relevant
1176,cerebral_perfusion_pressure,0.0,0.0,0.0,2,0.0,948,hemodynamics,relevant
1177,vent_mechanics_paw_insp_occl,0.0,0.0,0.0,1,0.0,558,respiratory,relevant
1178,vent_mechanics_volume_end_inspiration,0.0,0.0,0.0,1,0.0,544,respiratory,relevant
1179,vent_mechanics_compliance_respiratory,0.0,0.0,0.0,2,0.0,548,respiratory,relevant
1180,vent_mechanics_paw_peep_tot,0.0,0.0,0.0,1,0.0,88,respiratory,relevant
1181,vent_mechanics_paw_peak,0.0,0.0,0.0,1,0.0,1625,respiratory,relevant
1182,nice_number_grafts,0.0,0.0,0.0,1,0.0,1,nice data,relevant
1183,med_anastrozole,0.0,0.0,0.0,2,0.0,15,medication,relevant
1184,med_biperiden,0.0,0.0,0.0,3,0.0,5,medication,relevant
1185,med_secretin,0.0,0.0,0.0,1,0.0,1,medication,relevant
1186,med_cyclophosphamide,0.0,0.0,0.0,3,0.0,18,medication,relevant
1187,med_dexamethasone_and_antibiotics,0.0,0.0,0.0,1,0.0,8,medication,relevant
1188,med_evolocumab,0.0,0.0,0.0,1,0.0,1,medication,relevant
1189,med_fludeoxyglucose_(18f),0.0,0.0,0.0,1,0.0,1,medication,relevant
1190,med_icatibant,0.0,0.0,0.0,2,0.0,9,medication,relevant
1191,med_isoniazid,0.0,0.0,0.0,2,0.0,3,medication,relevant
1192,med_itraconazole,0.0,0.0,0.0,1,0.0,1,medication,relevant
1193,med_ketanserin,0.0,0.0,0.0,1,0.0,1,medication,relevant
1194,med_lanthanum_carbonate,0.0,0.0,0.0,4,0.0,32,medication,relevant
1195,med_midodrine,0.0,0.0,0.0,1,0.0,2,medication,relevant
1196,med_perphenazine,0.0,0.0,0.0,1,0.0,1,medication,relevant
1197,med_hemodialytics_and_hemofiltrates,0.0,0.0,0.0,1,0.0,8,medication,relevant
1198,med_urokinase,0.0,0.0,0.0,2,0.0,3,medication,relevant
1199,med_valaciclovir,0.0,0.0,0.0,1,0.0,1,medication,relevant
1200,med_valganciclovir,0.0,0.0,0.0,1,0.0,3,medication,relevant
1201,eosinophils_manual_diff,0.0,0.0,0.0,3,0.0,232,laboratory value,relevant
1202,leukocytes_manual_diff,0.0,0.0,0.0,2,0.0,259,laboratory value,relevant
1203,lymphocytes_manual_diff,0.0,0.0,0.0,3,0.0,232,laboratory value,relevant
1204,monocytes_manual_diff,0.0,0.0,0.0,3,0.0,232,laboratory value,relevant
1205,segmented_neutrophils_manual_diff,0.0,0.0,0.0,2,0.0,201,laboratory value,relevant
1206,ph_bloodgas,0.0,0.0,0.0,1,0.0,4314,laboratory value,relevant
1207,cortisol_free,0.0,0.0,0.0,1,0.0,1,laboratory value,relevant
1208,urine_output_24hours,0.07407407407407407,0.25,0.11428571428571428,8,0.25,163,fluid balance,relevant
1209,carboxyhemoglobin_bloodgas,0.25,1.0,0.4,1,1.0,4155,laboratory value,relevant
1210,methemoglobin_bloodgas,0.0,0.0,0.0,1,0.0,4155,laboratory value,relevant
1211,sars_cov_2_bronchial_text,0.0,0.0,0.0,3,0.0,3,infectiology,relevant
1212,sars_cov_2_feces_text,0.0,0.0,0.0,1,0.0,1,infectiology,relevant
1213,sars_cov_2_tissue_text,0.0,0.0,0.0,1,0.0,1,infectiology,relevant
1214,pulse_rhythm_text,0.0,0.0,0.0,4,0.0,20055,hemodynamics,relevant
1215,citrate_dosage_cvvhd,0.0,0.0,0.0,1,0.0,2868,renal replacement therapy,relevant
1216,med_clarithromycin,0.0,0.0,0.0,3,0.0,15,medication,relevant
1217,med_dydrogesterone_and_estrogen,0.0,0.0,0.0,2,0.0,49,medication,relevant
1218,med_finasteride,0.0,0.0,0.0,4,0.0,16,medication,relevant
1219,med_immunoglobulins_normal_human_for_extravascular_adm,0.0,0.0,0.0,2,0.0,3,medication,relevant
1220,med_methylthioninium_chloride,0.0,0.0,0.0,1,0.0,1,medication,relevant
1221,med_emtricitabine_tenofovir_alafenamide_and_rilpivirine,0.0,0.0,0.0,1,0.0,2,medication,relevant
1222,med_sodium_picosulfate_combinations,0.0,0.0,0.0,1,0.0,1,medication,relevant
1223,med_insulin_degludec_and_insulin_aspart,0.0,0.0,0.0,2,0.0,50,medication,relevant
1224,med_valsartan_and_diuretics,0.0,0.0,0.0,6,0.0,38,medication,relevant
1225,med_food,0.0,0.0,0.0,1,0.0,5,medication,relevant
1226,galactomannan_blood_index,0.0,0.0,0.0,1,0.0,4,laboratory value,relevant
1227,calcium_ionised_blood,0.0,0.0,0.0,2,0.0,2121,laboratory value,relevant
1228,hba1c_blood,0.0,0.0,0.0,1,0.0,5,laboratory value,relevant
1229,fluid_out_tube_rectal,0.0,0.0,0.0,1,0.0,1,fluid balance,relevant
1230,refill_leg_left,0.0,0.0,0.0,1,0.0,12,hemodynamics,relevant
1231,med_rotigotine,0.0,0.0,0.0,1,0.0,5,medication,relevant
1232,med_sevoflurane,0.0,0.0,0.0,2,0.0,130,medication,relevant
1233,med_thiopental,0.0,0.0,0.0,1,0.0,2,medication,relevant
1234,heart_rate_monitor,0.0,0.0,0.0,3,0.0,42989,hemodynamics,relevant
1235,insp_exp_ratio_unspecified_text,0.0,0.0,0.0,1,0.0,5,respiratory,relevant
1236,sofa_renal_rrt,0.0,0.0,0.0,1,0.0,415,sofa score,relevant
1237,sofa_renal_urine,0.0,0.0,0.0,1,0.0,415,sofa score,relevant
1238,sofa_resp_fio2,0.0,0.0,0.0,1,0.0,415,sofa score,relevant
1239,sofa_resp_pao2,0.0,0.0,0.0,1,0.0,415,sofa score,relevant
1240,sofa_coag_thrombocyte,0.0,0.0,0.0,2,0.0,1705,sofa score,relevant
1241,sofa_cardio_dopa,0.0,0.0,0.0,1,0.0,415,sofa score,relevant
1242,sofa_cardio_dobu,0.0,0.0,0.0,1,0.0,415,sofa score,relevant
1243,sofa_cardio_adre,0.0,0.0,0.0,1,0.0,415,sofa score,relevant
1244,sofa_cardio_nora,0.0,0.0,0.0,1,0.0,415,sofa score,relevant
1245,sofa_resp_special_vent_modes,0.0,0.0,0.0,2,0.0,1706,sofa score,relevant
1246,sofa_liver_mars,0.0,0.0,0.0,2,0.0,1705,sofa score,relevant
1247,sofa_nervous_icp,0.0,0.0,0.0,2,0.0,1705,sofa score,relevant
1248,sofa_cardio_assist_device,0.0,0.0,0.0,1,0.0,415,sofa score,relevant
1249,sofa_coagulation,0.0,0.0,0.0,1,0.0,415,sofa score,relevant
1250,sofa_total,0.0,0.0,0.0,2,0.0,981,sofa score,relevant
1251,sofa_cardio_map,0.0,0.0,0.0,1,0.0,415,sofa score,relevant
1252,med_alirocumab,0.0,0.0,0.0,1,0.0,2,medication,relevant
1253,med_terbutaline,0.0,0.0,0.0,2,0.0,6,medication,relevant
1254,med_tetracosactide,0.0,0.0,0.0,2,0.0,2,medication,relevant
1255,ammonia_blood,0.0,0.0,0.0,2,0.0,5,laboratory value,relevant
1256,triglycerides_blood_nonfed,0.0,0.0,0.0,1,0.0,2,laboratory value,relevant
1257,sars_cov_2_igm,0.0,0.0,0.0,1,0.0,3,infectiology,relevant
1258,lda_canula_ecls,0.0,0.0,0.0,3,0.0,8,lda,relevant
1259,lda_sheath_venous,0.0,0.0,0.0,1,0.0,1,lda,relevant
1260,ecmo_flow,0.0,0.0,0.0,5,0.0,4362,hemodynamics,relevant
1261,mews_score,0.0,0.0,0.0,3,0.0,3192,clinical score,relevant
1262,prone_position_response,0.0,0.0,0.0,1,0.0,95,position,relevant
1263,dialysate_flow_dialysis,0.0,0.0,0.0,1,0.0,39,renal replacement therapy,relevant
1264,sofa_renal_creat,0.0,0.0,0.0,1,0.0,1290,sofa score,relevant
1265,med_aprepitant,0.0,0.0,0.0,2,0.0,5,medication,relevant
1266,med_atracurium,0.0,0.0,0.0,4,0.0,95,medication,relevant
1267,med_azelastine,0.0,0.0,0.0,1,0.0,1,medication,relevant
1268,med_tri1inolone_and_antiinfectives,0.0,0.0,0.0,1,0.0,2,medication,relevant
1269,med_bevacizumab,0.0,0.0,0.0,1,0.0,1,medication,relevant
1270,med_bicalutamide,0.0,0.0,0.0,2,0.0,4,medication,relevant
1271,med_bromfenac,0.0,0.0,0.0,1,0.0,1,medication,relevant
1272,med_calcium_(different_salts_in_combination),0.0,0.0,0.0,2,0.0,580,medication,relevant
1273,med_calcium_phosphate,0.0,0.0,0.0,1,0.0,3,medication,relevant
1274,med_cisplatin,0.0,0.0,0.0,1,0.0,3,medication,relevant
1275,med_cytarabine,0.0,0.0,0.0,2,0.0,29,medication,relevant
1276,med_daunorubicin,0.0,0.0,0.0,1,0.0,3,medication,relevant
1277,med_drospirenone_and_ethinylestradiol,0.0,0.0,0.0,1,0.0,2,medication,relevant
1278,med_etoposide,0.0,0.0,0.0,1,0.0,8,medication,relevant
1279,med_exenatide,0.0,0.0,0.0,1,0.0,2,medication,relevant
1280,med_fampridine,0.0,0.0,0.0,1,0.0,1,medication,relevant
1281,med_pheneticillin,0.0,0.0,0.0,1,0.0,1,medication,relevant
1282,med_fluorouracil,0.0,0.0,0.0,1,0.0,2,medication,relevant
1283,med_fosfomycin,0.0,0.0,0.0,1,0.0,2,medication,relevant
1284,med_galantamine,0.0,0.0,0.0,1,0.0,2,medication,relevant
1285,med_glibenclamide,0.0,0.0,0.0,1,0.0,3,medication,relevant
1286,med_ibrutinib,0.0,0.0,0.0,2,0.0,3,medication,relevant
1287,med_iron_in_other_combinations,0.0,0.0,0.0,1,0.0,1,medication,relevant
1288,med_imipenem_and_cilastatin,0.0,0.0,0.0,1,0.0,2,medication,relevant
1289,med_immunoglobulins_normal_human,0.0,0.0,0.0,1,0.0,3,medication,relevant
1290,med_indapamide,0.0,0.0,0.0,1,0.0,1,medication,relevant
1291,med_isosorbide_dinitrate,0.0,0.0,0.0,1,0.0,1,medication,relevant
1292,med_lenalidomide,0.0,0.0,0.0,1,0.0,4,medication,relevant
1293,med_leuprorelin,0.0,0.0,0.0,1,0.0,1,medication,relevant
1294,med_medroxyprogesterone,0.0,0.0,0.0,1,0.0,1,medication,relevant
1295,med_melphalan,0.0,0.0,0.0,1,0.0,1,medication,relevant
1296,med_mepolizumab,0.0,0.0,0.0,1,0.0,2,medication,relevant
1297,med_metformin_and_sulfonylureas,0.0,0.0,0.0,2,0.0,2,medication,relevant
1298,med_micafungin,0.0,0.0,0.0,1,0.0,4,medication,relevant
1299,med_misoprostol,0.0,0.0,0.0,1,0.0,1,medication,relevant
1300,med_modafinil,0.0,0.0,0.0,1,0.0,4,medication,relevant
1301,med_mucolytics,0.0,0.0,0.0,1,0.0,2,medication,relevant
1302,med_insulins_and_analogues_for_injection_intermediate-_or_long-acting_combined_with_fast-acting,0.0,0.0,0.0,1,0.0,3,medication,relevant
1303,med_obinutuzumab,0.0,0.0,0.0,1,0.0,3,medication,relevant
1304,med_olmesartan_medoxomil_amlodipine_and_hydrochlorothiazide,0.0,0.0,0.0,1,0.0,2,medication,relevant
1305,med_pentamidine_isethionate,0.0,0.0,0.0,1,0.0,2,medication,relevant
1306,med_pimozide,0.0,0.0,0.0,1,0.0,1,medication,relevant
1307,med_povidone-iodine,0.0,0.0,0.0,1,0.0,4,medication,relevant
1308,med_sirolimus,0.0,0.0,0.0,1,0.0,4,medication,relevant
1309,med_rituximab,0.0,0.0,0.0,1,0.0,1,medication,relevant
1310,med_rizatriptan,0.0,0.0,0.0,1,0.0,3,medication,relevant
1311,med_sildenafil,0.0,0.0,0.0,2,0.0,183,medication,relevant
1312,med_tetracaine,0.0,0.0,0.0,1,0.0,2,medication,relevant
1313,med_tolterodine,0.0,0.0,0.0,3,0.0,39,medication,relevant
1314,med_various,0.0,0.0,0.0,1,0.0,2,medication,relevant
1315,med_triptorelin,0.0,0.0,0.0,1,0.0,1,medication,relevant
1316,med_tropicamide_combinations,0.0,0.0,0.0,1,0.0,1,medication,relevant
1317,alat_blood,0.0,0.0,0.0,12,0.0,595,laboratory value,relevant
1318,alkaline_phosphatase_blood,0.0,0.0,0.0,13,0.0,545,laboratory value,relevant
1319,antithrombin_blood,0.0,0.0,0.0,6,0.0,752,laboratory value,relevant
1320,aptt_blood,0.0,0.0,0.0,10,0.0,791,laboratory value,relevant
1321,asat_blood,0.0,0.0,0.0,12,0.0,595,laboratory value,relevant
1322,calcium_blood,0.0,0.0,0.0,13,0.0,806,laboratory value,relevant
1323,chloride_urine,0.0,0.0,0.0,1,0.0,1,laboratory value,relevant
1324,cholesterol_blood,0.0,0.0,0.0,3,0.0,9,laboratory value,relevant
1325,d_dimer_blood,0.0,0.0,0.0,4,0.0,709,laboratory value,relevant
1326,anti_xa_blood,0.0,0.0,0.0,1,0.0,256,laboratory value,relevant
1327,bilirubin_direct_blood,0.0,0.0,0.0,2,0.0,2,laboratory value,relevant
1328,ferritin_blood,0.0,0.0,0.0,9,0.0,839,laboratory value,relevant
1329,folic_acid_blood,0.0,0.0,0.0,1,0.0,3,laboratory value,relevant
1330,phosphate_blood,0.0,0.0,0.0,8,0.0,717,laboratory value,relevant
1331,aciclovir_trough_level,0.0,0.0,0.0,1,0.0,1,laboratory value,relevant
1332,aciclovir_level,0.0,0.0,0.0,1,0.0,1,laboratory value,relevant
1333,gamma_gt_blood,0.0,0.0,0.0,10,0.0,99,laboratory value,relevant
1334,haptoglobin_blood,0.0,0.0,0.0,3,0.0,6,laboratory value,relevant
1335,crp_blood,0.0,0.0,0.0,15,0.0,1420,laboratory value,relevant
1336,albumin_blood,0.0,0.0,0.0,7,0.0,289,laboratory value,relevant
1337,magnesium_blood,0.0,0.0,0.0,6,0.0,720,laboratory value,relevant
1338,creatine_kinase_blood,0.0,0.0,0.0,1,0.0,1,laboratory value,relevant
1339,ft4_blood,0.0,0.0,0.0,1,0.0,1,laboratory value,relevant
1340,sars_cov_2_sputum_text,0.0,0.0,0.0,3,0.0,33,infectiology,relevant
1341,sars_cov_2_bal_text,0.0,0.0,0.0,3,0.0,27,infectiology,relevant
1342,sars_cov_2_swab_text,0.0,0.0,0.0,1,0.0,69,infectiology,relevant
1343,sars_cov_2_nose_throat_text,0.0,0.0,0.0,4,0.0,497,infectiology,relevant
1344,ntpro_bnp_blood,0.0,0.0,0.0,1,0.0,2,laboratory value,relevant
1345,gentamicin_level,0.0,0.0,0.0,2,0.0,27,laboratory value,relevant
1346,tsh_blood,0.0,0.0,0.0,1,0.0,6,laboratory value,relevant
1347,ph_mixed_venous,0.0,0.0,0.0,2,0.0,18,laboratory value,relevant
1348,pco2_mixed_venous,0.0,0.0,0.0,2,0.0,18,laboratory value,relevant
1349,bicarbonate_actual_mixed_venous,0.0,0.0,0.0,3,0.0,24,laboratory value,relevant
1350,base_excess_mixed_venous,0.0,0.0,0.0,2,0.0,18,laboratory value,relevant
1351,vitamin_b12_blood,0.0,0.0,0.0,1,0.0,6,laboratory value,relevant
1352,hematocrit_arterial,0.0,0.0,0.0,1,0.0,13,laboratory value,relevant
1353,access_pressure_cvvhd,0.0,0.0,0.0,1,0.0,29,renal replacement therapy,relevant
1354,calcium_urine,0.0,0.0,0.0,1,0.0,1,laboratory value,relevant
1355,phosphate_urine,0.0,0.0,0.0,1,0.0,1,laboratory value,relevant
1356,cam_icu_score_q1,0.0,0.0,0.0,1,0.0,1340,clinical score,relevant
1357,cam_icu_score_q4,0.0,0.0,0.0,1,0.0,18,clinical score,relevant
1358,fluid_out_stoma,0.0,0.0,0.0,1,0.0,2,fluid balance,relevant
1359,frequency_ippv,0.0,0.0,0.0,1,0.0,191,respiratory,relevant
1360,gcs_verbal_estimated,0.0,0.0,0.0,1,0.0,1,neurology,relevant
1361,peripheral_flow_index,0.0,0.0,0.0,1,0.0,20578,hemodynamics,relevant
1362,iv_fluid_24hours,0.0,0.0,0.0,1,0.0,246,fluid balance,relevant
1363,med_apraclonidine,0.0,0.0,0.0,1,0.0,4,medication,relevant
1364,med_all_other_non-therapeutic_products,0.0,0.0,0.0,2,0.0,4811,medication,relevant
1365,med_chlorhexidine,0.0,0.0,0.0,1,0.0,1,medication,relevant
1366,med_collagenase,0.0,0.0,0.0,1,0.0,2,medication,relevant
1367,med_distigmine,0.0,0.0,0.0,1,0.0,8,medication,relevant
1368,med_timolol_combinations,0.0,0.0,0.0,2,0.0,20,medication,relevant
1369,med_medicated_shampoos,0.0,0.0,0.0,1,0.0,2,medication,relevant
1370,med_chlorpromazine,0.0,0.0,0.0,1,0.0,11,medication,relevant
1371,med_procainamide,0.0,0.0,0.0,1,0.0,30,medication,relevant
1372,med_silver_sulfadiazine,0.0,0.0,0.0,1,0.0,1,medication,relevant
1373,reticulocytes_perc_unspecified,0.0,0.0,0.0,1,0.0,3,laboratory value,relevant
1374,osmolality_urine_24hours,0.0,0.0,0.0,1,0.0,4,laboratory value,relevant
1375,galactomannan_bal_index,0.0,0.0,0.0,1,0.0,2,laboratory value,relevant
1376,med_acamprosate,0.0,0.0,0.0,1,0.0,1,medication,relevant
1377,med_apremilast,0.0,0.0,0.0,1,0.0,10,medication,relevant
1378,med_brinzolamide,0.0,0.0,0.0,1,0.0,16,medication,relevant
1379,med_capecitabine,0.0,0.0,0.0,1,0.0,2,medication,relevant
1380,med_cocaine,0.0,0.0,0.0,1,0.0,1,medication,relevant
1381,med_acidifiers,0.0,0.0,0.0,1,0.0,4,medication,relevant
1382,med_ferrous_gluconate,0.0,0.0,0.0,1,0.0,12,medication,relevant
1383,med_flunarizine,0.0,0.0,0.0,1,0.0,6,medication,relevant
1384,med_indocyanine_green,0.0,0.0,0.0,1,0.0,2,medication,relevant
1385,med_infliximab,0.0,0.0,0.0,1,0.0,1,medication,relevant
1386,med_ketotifen,0.0,0.0,0.0,1,0.0,8,medication,relevant
1387,med_other_antipruritics,0.0,0.0,0.0,1,0.0,11,medication,relevant
1388,med_edoxaban,0.0,0.0,0.0,1,0.0,1,medication,relevant
1389,med_mepivacaine,0.0,0.0,0.0,1,0.0,2,medication,relevant
1390,med_nicorandil,0.0,0.0,0.0,1,0.0,1,medication,relevant
1391,med_nitrazepam,0.0,0.0,0.0,1,0.0,29,medication,relevant
1392,med_olaparib,0.0,0.0,0.0,1,0.0,4,medication,relevant
1393,med_saxagliptin,0.0,0.0,0.0,1,0.0,8,medication,relevant
1394,med_tamoxifen,0.0,0.0,0.0,2,0.0,6,medication,relevant
1395,med_venetoclax,0.0,0.0,0.0,1,0.0,7,medication,relevant
1396,med_vortioxetine,0.0,0.0,0.0,1,0.0,11,medication,relevant
1397,med_oxygen,0.0,0.0,0.0,1,0.0,3,medication,relevant
1398,gentamicin_peak_level,0.0,0.0,0.0,1,0.0,6,laboratory value,relevant
1399,nice_katheter_at_admission,0.0,0.0,0.0,1,0.0,110,nice data,relevant
1400,restrictive_policy_crrt,0.0,0.0,0.0,1,0.0,56,admission information,relevant
1401,restrictive_policy_nit,0.0,0.0,0.0,1,0.0,50,admission information,relevant
1402,restrictive_policy_ntbr,0.0,0.0,0.0,1,0.0,265,admission information,relevant
1403,lactate_dehydrogenase_total,0.0,0.0,0.0,1,0.0,2238,laboratory value,relevant
1404,nice_verbal_low,0.0,0.0,0.0,1,0.0,420,nice data,relevant
1405,nice_Eol_cpr_24,0.0,0.0,0.0,1,0.0,598,nice data,relevant
1406,nice_Eol_beadem_24,0.0,0.0,0.0,1,0.0,598,nice data,relevant
1407,nice_Eol_RRT_24,0.0,0.0,0.0,1,0.0,598,nice data,relevant
1408,nice_Eol_beadem_dis,0.0,0.0,0.0,1,0.0,326,nice data,relevant
1409,nice_Eol_cpr_dis,0.0,0.0,0.0,1,0.0,326,nice data,relevant
1410,nice_Eol_RRT_dis,0.0,0.0,0.0,1,0.0,325,nice data,relevant
1411,nice_Eol_readm_dis,0.0,0.0,0.0,1,0.0,323,nice data,relevant
1412,lactate_whole_blood,0.0,0.0,0.0,1,0.0,82,laboratory value,relevant
1413,nice_katheter,0.0,0.0,0.0,1,0.0,954,nice data,relevant
1414,nice_pneumothorax,0.0,0.0,0.0,1,0.0,69,nice data,relevant
1415,nice_lijnsepsis,0.0,0.0,0.0,1,0.0,133,nice data,relevant
1416,med_multivitamins_and_trace_elements,0.0,0.0,0.0,1,0.0,1007,medication,relevant
1417,med_salicylic_acid_preparations,0.0,0.0,0.0,1,0.0,78,medication,relevant
1418,med_phenobarbital,0.0,0.0,0.0,1,0.0,4,medication,relevant
1419,med_loprazolam,0.0,0.0,0.0,1,0.0,1,medication,relevant
1420,med_mercaptopurine,0.0,0.0,0.0,1,0.0,1,medication,relevant
1421,med_ofloxacin,0.0,0.0,0.0,1,0.0,44,medication,relevant
1422,med_ropinirole,0.0,0.0,0.0,2,0.0,3,medication,relevant
1423,med_vitamin_b-complex_incl_combinations,0.0,0.0,0.0,1,0.0,19,medication,relevant
1424,med_ethinylestradiol,0.0,0.0,0.0,1,0.0,2,medication,relevant
1425,crrt_circuit_change,0.0,0.0,0.0,1,0.0,6,renal replacement therapy,relevant
